,uid,fastest_lap_time,lap_time_monotony,lap_time_stddev,monotony_p,fastest_p
0,51977238-05a7-43ea-a8bf-61bf56dd0a7d,84756.0,5.607595775836796,17058.956309847195,0.01616915422885572,0.07711442786069651
1,2388ff45-aa4c-4178-973e-309bc84a2ce4,89034.0,4.639529889820137,21336.572673854316,0.006218905472636816,0.7375621890547264
2,6368979a-eec2-48f9-85d7-a8b72456d0dd,90443.0,31.87812358384561,2914.1928556634684,0.43283582089552236,0.8980099502487562
3,d3351574-af98-426d-a00c-48d1fd27899d,87244.0,9.248715414794773,10387.730874817766,0.053482587064676616,0.38308457711442784
4,aee7138e-31e2-4500-801b-e07f63e7d8b2,87843.0,26.291485366623775,3468.6726247626452,0.3805970149253731,0.5174129353233831
5,73ee12f5-9aff-4bf7-ae5a-1f0030ee3d56,85878.0,3.7766905385201737,26299.67930571271,0.0037313432835820895,0.13681592039800994
6,ff132544-9446-4cd1-8d7d-1e5426a287fa,87953.0,65.5308983411814,1360.4422075193052,0.7699004975124378,0.5516169154228856
7,c7752d4c-6921-4ebb-8fed-3baeece323b5,85581.0,15.409014386984566,5770.979822448794,0.19527363184079602,0.10945273631840796
8,1f44500f-e6f1-4446-9bb1-f4bc28217e89,83247.0,44.85283082938666,1917.7496360752273,0.5485074626865671,0.03855721393034826
9,8c1311ce-5231-4bcf-8e3c-60dc2c388f4f,89200.0,39.08894695228654,2332.9189774582005,0.48756218905472637,0.7736318407960199
10,f0225464-af7d-40fa-a4f7-548f6e24b952,89395.0,15.36068516069204,6204.28053846697,0.19402985074626866,0.8103233830845771
11,0bedcb25-acb0-4cca-8ce6-4b991214e81a,88334.0,11.926609300720509,8189.536937502159,0.10572139303482588,0.6256218905472637
12,72bd438b-39ec-4ff0-aac7-e942e8e40e33,84446.0,11.137766855553139,8782.167951528469,0.08830845771144279,0.060945273631840796
13,b42dd647-c96a-4d63-b69e-3e82ef7072d6,86975.0,61.28575467156393,1451.6369610431757,0.7288557213930348,0.3246268656716418
14,d4dd4509-74f8-463a-988b-a470e269ae71,86693.0,35.266008062836185,2500.7933941051588,0.458955223880597,0.26616915422885573
15,03062ff9-5142-4249-bdc8-79113fefc802,86659.0,8.705800079646979,11475.644484443274,0.046019900497512436,0.2562189054726368
16,b49a9344-bb7c-4afa-8054-3d2beddf684b,85746.0,34.30217354515429,2591.545604006817,0.4427860696517413,0.12437810945273632
17,0b14cd54-4c20-4c2c-94d3-5162adc2eabc,80586.0,23.80340741950311,3774.2605201957513,0.35447761194029853,0.022388059701492536
18,26197f28-8586-409b-b142-7cb77855282c,89217.0,80.61918081619325,1121.9637694685155,0.8519900497512438,0.7786069651741293
19,29f92881-9a9e-4cda-953a-16f90e6e5bc8,86101.0,9.235635578353683,9866.01573361002,0.05223880597014925,0.15796019900497513
20,92723caa-729e-4706-b1aa-ea920cf361da,77945.0,15.057109675585295,5891.336512201624,0.18781094527363185,0.012437810945273632
21,76dc989c-578a-44b5-a637-9a4da41a2b74,85807.0,17.278373293355628,5306.222592846667,0.2462686567164179,0.1318407960199005
22,cd853495-9deb-4ae5-9f2f-4f63101964bc,86878.0,9.203803241952583,10080.262209116658,0.04975124378109453,0.3009950248756219
23,27c32774-896f-44fa-8872-b22ddb6090b5,83069.0,20.98323508708247,4236.664157412373,0.32338308457711445,0.033582089552238806
24,f2de23a5-5521-458f-91ce-171885873ee2,83152.0,18.235745944205387,4802.468103210363,0.26990049751243783,0.036069651741293535
25,6e67bc6e-b69d-4490-b6c0-26cb0cb6d27a,87522.0,39.68604002499341,2277.0569939225124,0.4962686567164179,0.44154228855721395
26,f88f4714-56f1-485c-998b-6fbd3a5a5943,86352.0,9.637157383564402,9638.646558223772,0.060945273631840796,0.19776119402985073
27,ab773f02-9614-456e-9ee2-8ec14e46479f,85086.0,20.049521186679574,4431.801596291161,0.3072139303482587,0.08830845771144279
28,7a7bfcaf-f235-4fc1-a391-938fcd58ef87,86048.0,13.608592078390778,6677.722388659175,0.15049751243781095,0.15049751243781095
29,b7adf5bc-3257-4068-9d07-0caca293b5aa,78822.0,9.593842125959565,9569.450778388486,0.05970149253731343,0.013681592039800995
30,20990b81-4502-41d4-9240-8e30f8b77e9a,85472.0,48.13947739857145,1840.0915473414366,0.5895522388059702,0.1044776119402985
31,bb46750a-ac35-4c48-be7b-cfb4dfa89c74,77502.0,10.056189197762306,8887.402398901493,0.06840796019900497,0.011194029850746268
32,3969c8f2-ce07-4901-b46e-3b43f75a9e53,86884.0,16.207574706337404,5664.627599347173,0.2126865671641791,0.30223880597014924
33,5a2e02c3-9fb0-4d66-b614-3f58223b4330,86421.0,14.172759553289195,6493.3035769785965,0.1691542288557214,0.208955223880597
34,286460fe-5c85-4b6c-9f00-70f7e02a2048,84854.0,16.707175496011967,5311.626485473377,0.22512437810945274,0.08084577114427861
35,b4c27429-9c31-4627-82bc-ca5098f4a9bf,86945.0,21.313167667396517,4207.352065135505,0.32960199004975127,0.31840796019900497
36,00517190-8190-4da8-9fab-e2689deaa696,86751.0,19.816397529553335,4625.302020345457,0.3009950248756219,0.28233830845771146
37,2b8d389e-b72b-4f98-9413-6495ef1b43b0,81738.0,18.17129442146437,4961.406696029775,0.26741293532338306,0.02736318407960199
38,4054d6b6-eb3d-46df-9fb6-7c4d99eb7b86,86181.0,13.166597193120163,6965.6277958087585,0.13557213930348258,0.1722636815920398
39,c16132c8-e235-42e4-b68b-673e7ad3302d,86140.0,48.7645239874524,1794.505366698888,0.595771144278607,0.16417910447761194
40,bb600f55-0ab2-4f5a-ab0e-296d40991615,88838.0,34.92099028534159,2640.6467642101115,0.4552238805970149,0.7039800995024875
41,9ec0ecb2-838e-4ac4-9f04-f6fa14256e57,88570.0,22.395577125455738,4111.2730793919945,0.3420398009950249,0.6691542288557214
42,3eebd44b-65a7-414a-9f1a-12328164363f,87560.0,39.81094321085437,2234.8461542874343,0.5,0.4564676616915423
43,733af7de-f9d3-47b1-8145-7cfdb53e72fa,87152.0,34.69652411000939,2602.6022005457758,0.44776119402985076,0.35634328358208955
44,815641af-7174-4a9d-80ee-726da04024a7,86152.0,39.34675240724764,2263.7634694428757,0.4900497512437811,0.1654228855721393
45,2402e586-e6d5-4399-9b8b-817f2df00986,81259.0,30.840047534451244,2839.1419510446844,0.42661691542288555,0.0236318407960199
46,5c479834-f102-47fa-986a-d616ea5c44b3,88667.0,7.905130628061064,12371.926569436373,0.043532338308457715,0.679726368159204
47,ada78ef6-dd7f-4cb0-8cf4-2c91b118313b,88820.0,17.62997238122107,5448.777679443345,0.2512437810945274,0.7014925373134329
48,18dbf1a4-4c1c-44a1-9601-1d74a140c05b,77323.0,11.657265771108381,7789.076368008384,0.10199004975124377,0.008706467661691543
49,58a2649c-200f-4704-b57d-ff192beacdec,89774.0,7.037188536640651,14586.877601568378,0.03731343283582089,0.8482587064676617
50,aa547221-6cee-40e6-a566-cc2539c5d19b,88013.0,58.549009765399376,1521.822492934048,0.7014925373134329,0.5652985074626866
51,f5568bf5-f92d-499d-aedf-6104dac2ab14,71073.0,18.013725658422864,4994.4434060627445,0.25870646766169153,0.004975124378109453
52,7c4a71b1-b6f7-4572-8e65-b477d361a366,80584.0,12.4724603128678,7322.973792569974,0.11691542288557213,0.021144278606965175
53,09d703e1-f260-451e-9789-2c2b097979ba,88650.0,27.18551251693316,3392.015015690035,0.3855721393034826,0.677860696517413
54,60b4e42b-f929-4afc-a844-af5742f5b5f4,87635.0,6.7588306303800065,14313.877978865341,0.033582089552238806,0.4763681592039801
55,6aa99b7e-b84f-4d0b-92cb-dc5f14f418d3,81603.0,22.722017548627218,3963.9870190196793,0.3445273631840796,0.024875621890547265
56,4c2345e1-34d1-4316-a400-3a0f564b5d60,64838.0,9.588944001154417,9229.266858401577,0.05845771144278607,0.0012437810945273632
57,ca5f3905-a67e-402d-9a8e-d5330b422c90,79861.0,17.190945781424862,5335.852139484983,0.23880597014925373,0.018656716417910446
58,9fe32d21-9689-47c0-8825-4c6deae167b1,86507.0,18.286641883907695,4925.350732616482,0.27114427860696516,0.22512437810945274
59,db70dd8f-ba8a-4dc3-9591-9429a4505d7e,81940.0,11.562530761675488,8162.5316943889875,0.09950248756218906,0.029850746268656716
60,a047eaa0-76ad-4e4e-9ba6-aeb38cc72e98,84453.0,24.209117896719416,3698.394544864862,0.36318407960199006,0.06218905472636816
61,13491f36-ec5c-4164-a4bc-14156ad43dd4,87043.0,19.718879985340536,4618.546869613125,0.29850746268656714,0.3314676616915423
62,6fba6bf1-87f4-49f9-b57f-0b0201d03d6a,87552.0,17.253270652576035,5333.286552825139,0.24253731343283583,0.4502487562189055
63,76da1d37-8ec2-4f2d-98e7-5cfcf0dd00c5,80483.0,27.10955162243911,3177.1190437536043,0.3843283582089552,0.01990049751243781
64,981db1be-6136-44d3-9d69-c913b9aef7c7,79277.0,8.086662781860332,11640.984275599805,0.04477611940298507,0.014925373134328358
65,4539536f-b276-48fa-987d-85d741cf346d,79725.0,16.4795309921701,5430.424336491484,0.22263681592039802,0.01616915422885572
66,8f066a3a-c302-487e-9efd-1a680645f64f,77353.0,20.987886641454384,4245.451865744662,0.32587064676616917,0.009950248756218905
67,71543e77-3b37-4a02-b028-d6216b198a18,85391.0,7.283021977454206,12958.73246373528,0.03980099502487562,0.10074626865671642
68,2d10f825-a0d6-417f-ab3a-c8f2e747a9a8,87449.0,16.25557809584891,5594.134416672062,0.21517412935323382,0.42039800995024873
69,062037b7-aba5-4f2e-9a03-a4d3ae4b5c52,87950.0,12.603594479376072,7497.464326913022,0.11940298507462686,0.5497512437810945
70,853baf9f-8b9e-4ab3-be86-5626bca4233b,89284.0,47.87409126565901,1900.301344524073,0.5796019900497512,0.7898009950248757
71,3ee20aab-fb0f-4d9e-a58c-0fd7877347ed,82031.0,25.979244887013696,3414.21448819909,0.3743781094527363,0.03109452736318408
72,ea6a0e25-a3a2-4190-a6f6-c2b2b263f424,86822.0,5.752362917705949,16413.25510068006,0.018656716417910446,0.2922885572139303
73,311546e4-c7a0-4b6f-bdad-c0290ca707f5,87483.0,9.657046258956107,9602.957002923631,0.06343283582089553,0.43034825870646765
74,fc91e5fe-ad20-417d-8f95-9855c7b0b2f0,90135.0,14.074607256821446,7024.447043480836,0.16417910447761194,0.8756218905472637
75,cc3100ee-181d-40a8-a384-b20ea158ad59,84853.0,62.08698138941069,1384.1162523429887,0.7350746268656716,0.07960199004975124
76,2dad841e-7e40-413d-9245-4b5de737bb5e,76097.0,27.26229817230265,3228.303194744225,0.38681592039800994,0.007462686567164179
77,5616eaa0-bebf-43a0-932a-5a45365805f4,81760.0,10.663512620898722,9162.34673071223,0.07960199004975124,0.028606965174129355
78,0e972934-44a8-4b12-a967-4f540d1a6236,87913.0,42.81049063885482,2123.500540250566,0.5310945273631841,0.5379353233830846
79,0c4355ce-afb3-4d27-8473-eed251363821,88305.0,19.06124316324737,4833.046523304795,0.2860696517412935,0.6206467661691543
80,e66c1e18-0556-413e-a2ed-3e09456ad80d,86108.0,9.846696176751168,9232.416474334092,0.06592039800995025,0.16044776119402984
81,3888ba6b-7f9c-4398-a0a8-1177f739cf14,101068.0,77.12326625633968,1329.27461421634,0.832089552238806,0.996268656716418
82,7fceeabf-f4ff-453e-8095-240ec0a47513,90386.0,60.46462440354,1532.4042928244055,0.722636815920398,0.8942786069651741
83,9ca761b6-ceb7-4551-96a9-71a672d5387a,89303.0,60.55163539483644,1498.2047868476905,0.7238805970149254,0.7935323383084577
84,749514ec-c88e-4598-ac95-7adf82a915e2,88500.0,65.04038624659353,1379.8503542051217,0.7649253731343284,0.6592039800995025
85,a6b09620-48b9-427a-9502-339f7107bfb6,86407.0,13.713273864017873,6613.870552078691,0.15547263681592038,0.2064676616915423
86,828b4dc8-31a0-4351-8592-d12e65cd9a7b,87235.0,167.97863200457354,524.7314233650075,0.9539800995024875,0.3774875621890547
87,b84bec2d-7b57-4d16-9543-292f7fa7ea61,86826.0,50.392803959373744,1762.6392332711384,0.6131840796019901,0.2947761194029851
88,e8d28ec5-0a2d-46fe-a2fc-7c3421b1314c,88376.0,12.58283922748493,7457.385542077626,0.1181592039800995,0.6368159203980099
89,53dadd81-e2cc-402c-85ac-f6a07687e74c,84549.0,10.768364301892664,8365.176938844857,0.08084577114427861,0.06592039800995025
90,5f13d303-e9e3-4de3-a1ad-ec27c9e2e963,86915.0,34.514317638150395,2606.155150152551,0.44527363184079605,0.31094527363184077
91,4bd6941c-3549-419b-b90a-0330a2c19ba7,86258.0,6.995522355798909,13238.039318569801,0.03482587064676617,0.18345771144278608
92,21d5100a-324e-459e-ad37-08be112f12fe,90209.0,69.02010147820036,1320.7215199781267,0.7947761194029851,0.8855721393034826
93,3107dae2-eacb-40a0-8faf-658265179f93,89574.0,51.37691157818533,1765.2248298729542,0.6231343283582089,0.8296019900497512
94,3ef1007d-4d44-481e-a9bf-cb112f55d512,100723.0,32.7434902010183,3192.7750938642703,0.43781094527363185,0.9937810945273632
95,ee164531-6e49-463e-b8f1-4f444ba07396,87893.0,19.57157414445072,4724.467535631724,0.2947761194029851,0.5298507462686567
96,60da913e-487a-4fc2-ae29-170f0f16f142,86904.0,57.34177308482119,1541.8863987553254,0.6940298507462687,0.30845771144278605
97,0c7951f1-55c5-4f72-9b72-e7880a585121,86680.0,16.784033491298644,5444.613976771963,0.2325870646766169,0.26119402985074625
98,44e51196-4742-4b08-855e-2eba19a064f4,89878.0,19.137756150050652,4917.841510518679,0.2885572139303483,0.8582089552238806
99,e4c0c1dc-6a3e-440c-a144-987038522e89,87382.0,11.14250588361695,8335.946536936683,0.08955223880597014,0.41044776119402987
100,79cdb03a-402d-4ad0-b83b-7e1f36c86e24,90179.0,23.05875297761145,4031.2674362856583,0.3482587064676617,0.8805970149253731
101,cc700071-c75f-4393-bcf3-360ab89a0fc5,85899.0,12.928164730603799,7033.3254559917095,0.1256218905472637,0.13930348258706468
102,c57f09a9-e394-470a-8c45-1d45a9f8b523,87783.0,43.65242794541793,2054.47283218392,0.5398009950248757,0.4987562189054726
103,f570d83b-9958-4c12-b575-a55b6a4a8c0b,90202.0,27.596730465163265,3359.818298658426,0.39427860696517414,0.8843283582089553
104,51c550fb-531d-42e8-a1f6-914e685d3a12,87908.0,20.8890899300277,4355.91020503014,0.31965174129353235,0.5348258706467661
105,c635f625-36c9-44f4-ad9c-b510bdc528f5,88923.0,6.24360631835428,15424.338930034293,0.021144278606965175,0.7201492537313433
106,a0b140ad-ed93-48e8-b85e-c482a939d054,87148.0,19.84614864180976,4691.71739635033,0.3034825870646766,0.35447761194029853
107,dd266aa4-d010-47ae-b641-cc470b8277e1,89140.0,7.758967380019637,13023.704708466534,0.04228855721393035,0.7587064676616916
108,5bb74205-5e6f-4d65-ab89-9ec428ad6b6c,87104.0,16.69058500041945,5527.732323617054,0.22388059701492538,0.3445273631840796
109,9f042b16-b229-46e6-a54e-a4053d91b157,86048.0,88.45407470040968,983.0954684057901,0.8669154228855721,0.15049751243781095
110,b2937fbc-c4cf-4d01-a48d-14aaa29501c7,90146.0,67.96992653255928,1342.4270309157714,0.7860696517412935,0.8768656716417911
111,87d4f964-b848-4c4b-a00e-5ac6175dfabe,85305.0,38.28414037156001,2309.384965255667,0.47761194029850745,0.09577114427860696
112,008e46bf-24b4-485d-b198-7fb15d3ee34f,88287.0,22.849948015640685,4030.1798471036004,0.34577114427860695,0.6194029850746269
113,8c760f3f-6d68-4a9d-8083-28914fcd9a3b,89039.0,6.483924400703196,15556.22702649971,0.026119402985074626,0.7412935323383084
114,eab98638-f166-447f-ba86-c20506996304,91376.0,28.063158545455682,3393.1438322986937,0.40049751243781095,0.9378109452736318
115,57be7b2f-9a9e-42d4-8791-085ded041a26,87288.0,20.558646948155946,4407.347980613991,0.31467661691542287,0.39054726368159204
116,0dcf4b18-a30e-4914-8a55-e8452ccdd592,84135.0,18.085295587651117,4995.608870487759,0.26492537313432835,0.04975124378109453
117,e7c171b8-8e6b-4335-8ce0-7a771e5e00b7,86870.0,103.69285775290493,848.7485886095286,0.9067164179104478,0.29850746268656714
118,bab7b44b-c363-4925-a187-a187be928f8a,85307.0,18.370009807927453,4986.218078145608,0.2736318407960199,0.09701492537313433
119,cd8c5037-5e99-4fe5-ad2e-cccd68a6ba91,89127.0,16.128185594745172,5836.025351212929,0.21144278606965175,0.7574626865671642
120,9b9bd17d-8358-4000-9f1f-eda6627d49be,84176.0,48.39810058569417,1798.4785227330422,0.5932835820895522,0.05223880597014925
121,b2dadf1e-2aab-491b-b26b-0a57d8a7bdbc,87913.0,21.648297739028585,4300.507879294235,0.3345771144278607,0.5379353233830846
122,3ffc23d7-6e3e-4dcd-a4ea-7881b649695e,83134.0,20.764059814255386,4311.9184118663425,0.31716417910447764,0.03482587064676617
123,94a54708-543b-43e6-96e8-bd67edf19eb5,89790.0,57.53562285361015,1592.4569067952827,0.6965174129353234,0.849502487562189
124,e0a915e2-1a1c-4ccd-9c5e-52cd18262655,87487.0,16.857082582889397,5509.612920463046,0.23507462686567165,0.43407960199004975
125,5408fe88-9e62-493f-a966-18595eab82e3,89038.0,62.972380134628686,1438.376631252515,0.7450248756218906,0.7388059701492538
126,296dae11-96bb-48f8-afc6-da5fe8bac640,88014.0,64.78469170916078,1377.6371801022212,0.7599502487562189,0.5671641791044776
127,690efd59-bb35-4d2b-aabf-f853799b8d07,85291.0,64.1477472511976,1353.5055719624256,0.7524875621890548,0.0945273631840796
128,35f12537-f01b-4537-9cae-5a1a05124e41,91871.0,90.20342820173859,1028.3256617758145,0.8731343283582089,0.9552238805970149
129,4cdc2993-71c6-456a-9759-5867fb0cdcb7,83922.0,22.50916829784889,3976.439740774656,0.34328358208955223,0.046019900497512436
130,03f305a4-f871-4bcb-8d08-873d5e0b5355,88200.0,75.7716001569654,1175.4568969837503,0.8196517412935324,0.6032338308457711
131,cf4ac1bc-7792-4ea7-b894-a6b9b7bea7e5,87571.0,42.75468287315686,2086.737924042299,0.527363184079602,0.4614427860696517
132,1199d8cc-2594-4ffa-aa2d-e56ec986c9f1,85680.0,18.057377267479765,4946.172341475673,0.26119402985074625,0.11691542288557213
133,4c243076-3a42-417e-9797-bd2239ca891e,88544.0,41.460670966153934,2164.6586489944934,0.513681592039801,0.6654228855721394
134,c8ff558d-59c3-4362-a831-4e582700ca6c,87544.0,13.385428351307603,7180.606961346188,0.14427860696517414,0.4490049751243781
135,5c2b20c0-e204-4017-ad15-d7779951ba30,88972.0,78.34105074550848,1149.1580613649282,0.8432835820895522,0.7276119402985075
136,353ad4b0-1e9f-45cf-8c61-88ff7c25a76c,86437.0,37.38186596385637,2381.4055911884457,0.47139303482587064,0.21144278606965175
137,d1f351ee-d6fc-47a1-a2aa-543c15e4d47c,85773.0,21.561837742001842,4136.117758936449,0.3333333333333333,0.12935323383084577
138,95e79966-6d6d-4917-ac2f-516afd6428a9,87837.0,37.684239785611915,2405.8333275603277,0.472636815920398,0.5161691542288557
139,d0abf731-10a6-424e-8cd0-194b2253ef6c,88766.0,17.256413351707707,5737.39154145854,0.24502487562189054,0.6902985074626866
140,e415cd16-140b-43f6-8008-f9a3ceba1e5a,88557.0,43.59989801858984,2080.981931685136,0.5373134328358209,0.667910447761194
141,c873f7c6-1553-437d-8c28-abd05c2fc87f,87155.0,54.097257418684215,1688.1803797300497,0.6629353233830846,0.36069651741293535
142,caa591df-564d-44b8-9402-f8428d069c0a,88465.0,6.383956690246161,15262.540886104123,0.024875621890547265,0.6554726368159204
143,32340e35-a61e-4594-ab3f-d9be06cdc979,87407.0,26.252109110935777,3457.8793123401047,0.3793532338308458,0.4135572139303483
144,b33139fa-64bd-4f70-a3bc-6e16b88f8d49,86520.0,16.943964684600516,5405.005628525077,0.236318407960199,0.22761194029850745
145,1f1d59a5-26a3-45e6-8930-dee3bd97a34c,86404.0,57.28491847658129,1546.8992949030098,0.6915422885572139,0.20522388059701493
146,5afb26ba-e675-4477-a95b-0e2ff0a76bc0,89972.0,92.78418191789889,979.1949244149503,0.8756218905472637,0.8681592039800995
147,551a5b72-9f2b-4b46-b5dc-5f173471e62b,86474.0,19.8344780833558,4567.461863200926,0.30223880597014924,0.21517412935323382
148,9bd07a20-b2d9-490a-8efc-8b017d691112,90197.0,62.80380545784765,1465.7206304977315,0.7412935323383084,0.8830845771144279
149,31cfaa85-26f7-40eb-8163-91c1de2c37b2,88390.0,56.40806398814042,1598.1599923384113,0.6853233830845771,0.6405472636815921
150,80037455-7381-4c01-98b2-90f70f3b7c6d,87332.0,362.4069349149739,241.73194520653107,0.9900497512437811,0.39925373134328357
151,a5d3f0a6-0d90-43d2-ac24-ddb35e783b32,88190.0,97.96117419789547,910.2738991251872,0.8930348258706468,0.6019900497512438
152,4a293823-eaba-4936-b0cc-c686230c7b9f,86205.0,48.136678391557744,1837.7254716335922,0.5883084577114428,0.17661691542288557
153,7bc3219a-73c7-439e-9f6f-05cd1bf2ec9d,89172.0,34.53697788089646,2653.3937137183393,0.4465174129353234,0.7686567164179104
154,ab6638bb-1888-41b3-ac07-deac015d53f0,87429.0,22.14301919017278,4060.602541495535,0.3383084577114428,0.4166666666666667
155,7d352e23-9dad-48a8-a819-1c5a07cbaa9c,87172.0,73.66086161438321,1200.7614771468977,0.8134328358208955,0.3656716417910448
156,5496e4af-e11c-41df-bc84-dca7ed4c8b86,88444.0,18.31708450087274,5018.2167361634665,0.27238805970149255,0.650497512437811
157,31e0dc3c-e4cf-4279-b743-ecb73de89d3d,89754.0,52.92209249311947,1741.215164762816,0.6393034825870647,0.845771144278607
158,acddbb0c-17b3-409b-bb2a-3d696cbb2f2e,89016.0,20.11972105433445,4589.916517759338,0.30845771144278605,0.7325870646766169
159,3a89edb2-9a36-452a-9a76-c824be910aa7,88889.0,43.80128283155876,2077.952838733353,0.5422885572139303,0.7126865671641791
160,1c31ffa9-f621-437c-93c2-30e50f6307f6,89203.0,73.92244883317964,1225.0777866459473,0.8159203980099502,0.7761194029850746
161,16b50057-acea-4f94-86c2-13e7be50321a,87173.0,84.65642210439677,1041.1276624525012,0.8594527363184079,0.36691542288557216
162,41133f24-0681-43d1-86ab-875a3e762313,87624.0,16.3091928922838,5572.378755971277,0.21641791044776118,0.472636815920398
163,c2a186d8-a509-4496-b80c-4ecbc2f4868c,86089.0,59.02511999137377,1487.4175607407626,0.7052238805970149,0.15547263681592038
164,2ae38a66-3852-4718-aed7-9601f3c7ab7e,90590.0,73.19236832072089,1260.1416256384307,0.8121890547263682,0.9054726368159204
165,c9dd4704-8f9a-45ef-aaea-f70b24d24a99,87585.0,15.27026229393343,6116.086043416672,0.19154228855721392,0.4651741293532338
166,f6bf0a17-7917-4651-b79d-08211aeaaff4,86547.0,14.686585177269368,6249.290473877862,0.18034825870646767,0.23507462686567165
167,9a28fd2c-6ded-4fff-8fb3-cf4f18e94c45,86296.0,14.513756089545668,6421.48267879916,0.17661691542288557,0.18781094527363185
168,f9efd8b3-5e29-4587-904b-4e48092819ee,86330.0,15.541052568589619,5905.897090160008,0.20024875621890548,0.19340796019900497
169,ce5ec11d-2714-4f59-bc86-131fe8c4b5f4,90410.0,17.216070141507412,5737.888384337143,0.24129353233830847,0.8955223880597015
170,1e88bac0-d7cd-4162-9799-a5fed6857df5,87807.0,60.90289311155544,1459.3450128967675,0.7251243781094527,0.5031094527363185
171,a0932274-54c3-40d2-8074-4d61c17712f1,87680.0,13.631683928714011,7084.21648455212,0.1517412935323383,0.48383084577114427
172,079d1e53-ad22-48c5-a919-eab93baf3e7c,88341.0,107.28639572288833,829.5615307699203,0.9129353233830846,0.628731343283582
173,079fafb7-8f10-4047-a377-7ea294ae54ac,91756.0,75.12073556316855,1235.3465679140988,0.8171641791044776,0.9539800995024875
174,653c2e47-1fe8-4594-b5c3-9d825a8aef6a,87156.0,98.06664839345574,909.5066894651288,0.8942786069651741,0.3619402985074627
175,3cd7027b-727e-4412-9943-006fea26313b,87709.0,35.51872050448844,2562.338921766596,0.4614427860696517,0.48880597014925375
176,c0151092-14cc-40d9-8f1f-629014cb1adc,87673.0,49.00090302133194,1842.422828690294,0.5982587064676617,0.48134328358208955
177,432b056d-1dc3-4494-a25d-81d7fd5af2ab,87499.0,76.32051138173952,1163.3120614783259,0.8246268656716418,0.43781094527363185
178,ecbe2038-0db5-4793-b772-0809f6860b51,89530.0,56.5984617076643,1611.974022743543,0.6865671641791045,0.8233830845771144
179,019481a7-ad82-4dc0-96c6-52002d047628,86350.0,59.10254418279023,1485.7002838168044,0.7064676616915423,0.19651741293532338
180,e41b4f93-a89d-4a09-9cf6-a69a5624d8f1,87119.0,54.9133230545139,1619.2943421955956,0.6716417910447762,0.3482587064676617
181,6e495100-09e0-458c-8fca-4ef1c9238d32,88823.0,12.3338914198152,7608.188546058842,0.11194029850746269,0.7027363184079602
182,b5900455-576c-450b-89a5-0e16cf02f5aa,87632.0,10.581750202023573,8706.345665047174,0.07835820895522388,0.47512437810945274
183,37227096-a6a3-4d15-afd7-95240d837da9,87054.0,30.44122738040178,2946.6945888571486,0.4228855721393035,0.3333333333333333
184,40bf5503-1486-4249-9711-5553824f6a4c,87770.0,53.949842837002954,1658.9622006945588,0.6592039800995025,0.4962686567164179
185,3c98d2af-b560-49cc-9252-38c0a64f2283,87879.0,14.135592045713668,6568.582320409786,0.1654228855721393,0.527363184079602
186,5a2f6e0b-d980-417a-bd23-8ec2a19e424f,91692.0,71.58440124260561,1301.7745260476818,0.8059701492537313,0.9514925373134329
187,404f732e-7302-4e2c-8442-3314eb226611,87428.0,14.029352146436565,6610.132911696564,0.16044776119402984,0.4154228855721393
188,e131dd03-3ba2-47bb-b4a8-f02e83a17dae,86687.0,5.048466883655785,18827.869369159722,0.007462686567164179,0.26243781094527363
189,086a4045-5300-4ac5-846d-5011b03fbc45,88877.0,69.99263893891201,1290.276159070866,0.7985074626865671,0.7077114427860697
190,b9180c67-51f3-4a9d-a579-9e19713160a1,85733.0,19.612435899174407,4592.1867230029675,0.2960199004975124,0.12189054726368159
191,e962d684-e7b9-440c-88da-20aca66aa471,88753.0,77.41415304473145,1161.7858379810511,0.8345771144278606,0.6878109452736318
192,2043d519-c30d-45e6-871f-9b0d506cfe02,86926.0,34.86641455971389,2556.7106471662637,0.45149253731343286,0.31592039800995025
193,56fe3fe6-6bfd-4a02-9ada-9394ccee185b,85229.0,9.65143956819102,9327.796753074472,0.06218905472636816,0.09328358208955224
194,24db16b8-2b92-4945-a330-6add41abd609,88977.0,21.463222643672985,4335.129849211417,0.332089552238806,0.7288557213930348
195,4fd96d15-d668-411d-b3d6-53e228eed252,86035.0,73.92156596599604,1180.1247109239487,0.8146766169154229,0.1480099502487562
196,35feb7e9-5eb0-43c6-aeb9-c0ed538ec74c,87118.0,96.71256649528901,911.8911484747873,0.8905472636815921,0.34701492537313433
197,a67c6638-12f5-480a-a6cf-8d6fa930eb35,89435.0,52.55342326661234,1730.4803572033595,0.6368159203980099,0.818407960199005
198,5f7534a2-7333-4c30-bbac-e2f42165f314,87478.0,17.755338891528027,5161.674090659136,0.2537313432835821,0.4291044776119403
199,b1a1d51f-072e-4d03-9a08-28d5365a2aa3,88323.0,43.752782265840146,2064.1110193010454,0.5410447761194029,0.6231343283582089
200,29446e07-b44e-447c-9fb6-70ff74b08d33,87122.0,16.377016042534077,5617.9139366850395,0.21766169154228857,0.34950248756218905
201,124ff96f-fd4a-444b-9e23-b2ea49970103,86744.0,715.0764936409739,121.53874553683144,1.0,0.2810945273631841
202,594a7f35-2114-4816-bcdd-76e233b2cd58,90597.0,33.985555079014446,2768.862627506103,0.44029850746268656,0.9085820895522388
203,742d23f8-d357-4f10-98f2-af2bab331b14,88699.0,19.52622371984246,4745.662875194571,0.2935323383084577,0.6828358208955224
204,f89edc38-8db3-4d3c-b8e1-b7eb88783d64,96151.0,19.669601341992767,5290.854562355688,0.2972636815920398,0.9888059701492538
205,838433aa-6255-40b7-aae8-e4761795e220,84297.0,21.197477904293535,4225.084490688139,0.3283582089552239,0.05721393034825871
206,71d5dd42-9934-4d69-a206-bf1732c6e01a,100036.0,95.44312619561066,1060.8621493860549,0.8855721393034826,0.9912935323383084
207,4f557f2d-357f-496d-b36e-53c74266aff8,87898.0,63.9262151922616,1409.6420859941932,0.75,0.5323383084577115
208,39c16ddf-dd00-41ce-9fe3-11b380f8d0d1,86871.0,101.45990513185528,863.1948408866525,0.8992537313432836,0.2997512437810945
209,526f421c-0002-4959-bf86-84e2cf3ea2e4,89205.0,20.89494426316469,4478.325281193386,0.3208955223880597,0.777363184079602
210,55206134-bf92-41a2-920b-a634ed857815,92720.0,6.665052440771755,15021.587235264677,0.029850746268656716,0.9738805970149254
211,bd535e1c-466e-42fa-9264-ede77eb478ee,88181.0,13.845937314262738,6594.2929391001935,0.15796019900497513,0.599502487562189
212,a8433f43-a6a7-47a1-8ad2-3ef0bbf250c4,88119.0,53.68344225176812,1684.706742885482,0.650497512437811,0.585820895522388
213,757913f4-e833-4245-bb1b-a18a63e0e5e3,87160.0,51.27984127317674,1726.3947742815565,0.6206467661691543,0.3644278606965174
214,13671236-7c56-4c1a-ae99-5143f0461f74,86970.0,18.736484652450503,4801.79603840526,0.2798507462686567,0.32213930348258707
215,ccbf62f0-c49e-402d-9087-ed2514875f64,84574.0,14.32760852170934,6212.493989022151,0.17039800995024876,0.06840796019900497
216,a5ecad11-aad2-4aa1-9a6b-1f46452adf4b,88234.0,49.36678466221939,1832.3534866395185,0.6032338308457711,0.6082089552238806
217,12c9d851-5edf-4ae9-892f-47277e31eed1,87938.0,7.031808907856466,13705.577222430291,0.036069651741293535,0.5466417910447762
218,789c6bf0-1027-4cca-8b06-45f1309d4cbc,87808.0,67.86113521662243,1316.7993685155977,0.7835820895522388,0.5049751243781094
219,62109936-20d0-43a1-baba-c59891853075,86400.0,15.992218810357775,5817.447023300476,0.20771144278606965,0.20398009950248755
220,8cc41731-8769-4f59-885f-6fd35e4aece4,88316.0,75.84538605606345,1183.566832489698,0.822139303482587,0.6218905472636815
221,e9f6dda1-d5b2-47b6-a797-8c5f1535edad,88218.0,70.82481318114229,1268.8694880789662,0.8022388059701493,0.6063432835820896
222,1eb52870-bcde-4c2e-8ced-135e5cc635c5,90859.0,119.90762042941977,768.0579405227186,0.9241293532338308,0.917910447761194
223,3d7127c0-d685-4bb4-bb8b-bbfad3f78bad,84646.0,36.35120673453766,2447.695789081913,0.4651741293532338,0.07462686567164178
224,c0ee0f94-66e3-4527-b001-cf339e041871,88952.0,62.51884144509181,1448.8112368421223,0.7388059701492538,0.7251243781094527
225,d41cd884-1812-4300-981d-2bfc5e177d75,88341.0,32.8454696258983,2790.6314339231544,0.43905472636815923,0.628731343283582
226,a4a4b945-eb06-4237-982f-23ef1b41bd01,87814.0,10.17218965793692,9243.51948746534,0.07338308457711443,0.5062189054726368
227,1dd2a96d-6277-4443-bbf8-11418e0f3371,90362.0,18.875298228431497,5075.502587593338,0.2810945273631841,0.8917910447761194
228,2138aee8-d7cb-4b99-8d08-8106f1453f7c,88458.0,51.83075777609685,1749.9482305267804,0.6305970149253731,0.654228855721393
229,530f6a59-5d1e-4723-8f1a-3a2e9d94d4ab,87190.0,47.39288046396524,1879.0832250506273,0.5733830845771144,0.3712686567164179
230,4a312f8f-8c60-47a9-81c0-9c9f2646356a,91207.0,54.36452565840441,1708.9452887673144,0.6666666666666666,0.9340796019900498
231,4408a837-0a8d-47d0-9061-f746a20d4950,79854.0,107.95102732620146,755.0687238773553,0.914179104477612,0.017412935323383085
232,c1f2c99a-8dce-455e-8027-a4d20acd7eac,88420.0,11.108027409170333,8624.107593606208,0.08706467661691543,0.6442786069651741
233,f62e5271-af8f-48e3-8ca6-6cf22336bccc,86903.0,115.54240081482749,757.7679943975817,0.9216417910447762,0.3072139303482587
234,ae818b90-9f94-46f0-98f5-327a558377ad,88751.0,19.89336462215937,4591.272460824321,0.30472636815920395,0.6865671641791045
235,83d15f3e-a048-492c-ab4a-1c9cd407367d,88153.0,6.681730416119286,14554.762605415452,0.03109452736318408,0.5932835820895522
236,2333960d-e4d2-4586-846c-b8bf24adfe3c,88898.0,46.246420927681434,1958.7389650827222,0.5634328358208955,0.7139303482587065
237,b1852fca-0364-4efe-9cf5-d6a03fa132e3,90335.0,40.07688002046723,2307.8809183606795,0.5012437810945274,0.8893034825870647
238,a6c7559b-00a7-4876-b524-1e07b4f63935,84327.0,96.22873249848426,888.1172782915554,0.8880597014925373,0.05845771144278607
239,5d6b51c8-a046-44d0-afde-f770a59e43f6,86330.0,80.69472149242367,1086.0561679765922,0.8532338308457711,0.19340796019900497
240,8507e305-93db-4cc0-a5f1-9640cd5ec52a,90531.0,14.353230063353248,6734.846412502664,0.17288557213930347,0.900497512437811
241,1c7f8400-7af7-458b-be37-7448749e83d7,84026.0,3.359226591889762,29181.476091210752,0.0024875621890547263,0.048507462686567165
242,48b3df3f-5520-45f8-b43e-30697f3de409,88040.0,29.478933901843934,3053.920933270321,0.4116915422885572,0.5733830845771144
243,4559c83c-439a-4108-9028-624d54b2ea4b,88914.0,25.984944616700904,3562.801918262076,0.3756218905472637,0.7176616915422885
244,d81a5a70-d22f-4a3d-ac61-5b70dea9acf9,88184.0,94.25562639375758,947.2049936523773,0.8818407960199005,0.6007462686567164
245,36d3d7aa-3884-4f4e-93aa-3a5cac1601ef,89376.0,55.2897840311067,1672.1269872927273,0.6741293532338308,0.804726368159204
246,98a0fd99-b86c-4a7a-8aa7-db2523fd280a,88013.0,14.1426615905683,6664.785082806497,0.16666666666666666,0.5652985074626866
247,9b1bd689-d524-46a4-be3d-38bb1ee02a35,84932.0,29.325647797579276,2991.313290178747,0.41044776119402987,0.08208955223880597
248,90f91b8f-d6d7-46c0-aa63-8986c9806302,89663.0,128.42464094068745,703.4417175573254,0.9328358208955224,0.8351990049751243
249,507024f4-c7fa-4009-827d-f180c1c119d1,85512.0,28.785350193522145,3080.540514666217,0.40422885572139305,0.10572139303482588
250,41c5941f-aefa-4231-be73-b90f46b6eafb,91249.0,93.72056634596416,988.4233910627571,0.8793532338308457,0.9353233830845771
251,7dcb32c0-aacb-4029-af77-1cf3f833f276,87025.0,181.92999062478734,481.1832637710224,0.9589552238805971,0.3271144278606965
252,29d4f6f6-101c-4f65-aaae-d91a3b9b5d41,85411.0,10.786556056298595,8572.518796809081,0.08208955223880597,0.10199004975124377
253,b20b9db1-b4ca-4ee2-a45b-b1c6f4b1aee6,90155.0,37.328233305788565,2489.156596848893,0.4701492537313433,0.8781094527363185
254,ae701b70-6627-49a3-a42c-c8d85105b5a1,88338.0,39.41712982529045,2307.473943514856,0.4925373134328358,0.6268656716417911
255,8a513b35-da6b-4922-b639-6a2b92119a78,86696.0,64.48868675384355,1359.6997305077534,0.753731343283582,0.26741293532338306
256,e05c3859-36f2-4d77-8ce0-1493d65da5cd,89567.0,16.033204181700853,6027.678491757834,0.208955223880597,0.8283582089552238
257,60c2524b-607f-4e94-984a-9239a02144b7,90597.0,88.99856836357868,1036.692705996655,0.8694029850746269,0.9085820895522388
258,3d81e7e3-9d67-4eed-a897-caa7f84ce61f,91073.0,16.395628944899737,6043.318029030079,0.21890547263681592,0.9291044776119403
259,f78253db-9fc9-4a68-8f0b-9118336654c8,90654.0,23.559228458126615,4055.4587104023954,0.35074626865671643,0.9104477611940298
260,beed1af9-c493-41c0-aa7a-d91d9c680c74,86900.0,30.160407817444575,2990.581956799735,0.4191542288557214,0.30472636815920395
261,16c00a1c-506f-46ee-b942-a6e43f544757,89421.0,59.48403274230494,1541.8392794439903,0.7139303482587065,0.8159203980099502
262,f98cf055-146b-4846-a2c2-e93f86275424,82798.0,38.87945592433871,2220.576341603434,0.48383084577114427,0.03233830845771144
263,a9eef86c-e9da-4da4-a970-26562dd9fdf7,89870.0,65.43080007413086,1393.0366111484652,0.7686567164179104,0.8569651741293532
264,f9562038-f382-47ff-8c0f-6ac1af7babe9,87373.0,5.5539465872062515,17279.50621032694,0.014925373134328358,0.40422885572139305
265,0d8cbb9e-1487-4f95-b501-1b6ed404e667,87998.0,53.65529775846345,1669.2270612900024,0.6492537313432836,0.5621890547263682
266,3df8d188-43ab-4b86-842a-608cc2f6f4d0,89586.0,104.71026381197977,865.7145603488484,0.9079601990049752,0.8308457711442786
267,ff49d775-e3d1-4a64-8d6c-a32663f4bf1f,87582.0,31.57895912622097,2868.23893206765,0.43034825870646765,0.4639303482587065
268,b175130f-78fb-4664-b492-4a0f9b8d452a,92389.0,120.19398811558996,780.8127633617239,0.9253731343283582,0.9639303482587065
269,2450864b-a97f-4cb6-a7cd-bb7bd64a59ce,86930.0,56.083072312565946,1580.0376117502565,0.6791044776119403,0.31716417910447764
270,184956ea-d714-493e-bb49-216d3e0e012b,90961.0,122.89930815873558,749.366843853307,0.9291044776119403,0.9253731343283582
271,b2273d14-7493-4b5b-894b-2f078823bcd4,85700.0,115.47567251435713,754.9305339639609,0.9203980099502488,0.1181592039800995
272,202d261f-d852-426b-842a-8892c46e40ca,89665.0,38.82140998546464,2398.2672881257663,0.48134328358208955,0.8370646766169154
273,d2cd4787-95f3-4635-beb6-c3b578b9f6d2,81727.0,16.725549348463808,5416.605506654026,0.22761194029850745,0.026119402985074626
274,0efe42a6-c75a-47f9-8f42-144b85774668,83390.0,34.13309682247207,2529.5177046587,0.44154228855721395,0.041044776119402986
275,2a2ef0ac-899a-4bb1-a1f3-9f7c857e4b34,89956.0,38.994566800522534,2405.2792253949233,0.48507462686567165,0.8669154228855721
276,18e13600-b36c-4f46-bf25-4500bfd8d82b,88627.0,22.344889856193177,4113.165531838914,0.3407960199004975,0.6728855721393034
277,ecb6069b-d9c8-495b-af02-20d7f8142b6f,89391.0,65.0641871029709,1396.7079389287749,0.7661691542288557,0.8084577114427861
278,cf8d3180-e71f-4f01-a4ec-296e220e5091,88437.0,18.05909371046817,5143.7181941773515,0.26243781094527363,0.6480099502487562
279,b3ecfdb8-2153-424c-9bc4-a90b000fb259,89160.0,583.8261959471816,152.91936873180367,0.9987562189054726,0.7630597014925373
280,459e3e17-c8ce-406e-ad25-29ec58c99a16,89164.0,55.21226352799067,1649.188472870102,0.6728855721393034,0.7661691542288557
281,b4d3bfe1-c730-45b9-ae52-d3b128aff58a,88886.0,44.06912073739418,2077.2053958167585,0.5460199004975125,0.7101990049751243
282,3d94b5cd-156d-406c-af77-b231421de32d,87925.0,18.411534738375185,4992.471125395568,0.27487562189054726,0.5404228855721394
283,32e7054d-8e84-4505-90e0-93c1c39f2fd6,91524.0,43.36872941607525,2167.5832932861736,0.5360696517412935,0.9427860696517413
284,6602aedf-16fa-4e72-823b-9aaaea590a26,91103.0,19.10557701510252,4930.562941152528,0.2873134328358209,0.9303482587064676
285,93a95214-00e7-4ae1-8cce-20801bbdd356,88064.0,184.4597899581439,479.3384329816808,0.9614427860696517,0.5771144278606966
286,99ce4955-fca2-4a3b-b267-15281e33b24d,83605.0,12.943938918594462,7001.153247858527,0.12686567164179105,0.04228855721393035
287,53e1bf89-9594-476b-a95e-a9665a6b6e90,90196.0,20.234422991052508,5042.8791591992085,0.31094527363184077,0.8818407960199005
288,9e7cc89e-d10f-4238-a7ff-53f08eeb8863,87363.0,24.820980308720625,3672.969353590334,0.3694029850746269,0.40049751243781095
289,47b8e52d-587c-4540-a39a-bb8126f5a778,88525.0,17.210828244231546,5294.044400183201,0.24004975124378108,0.6604477611940298
290,99f6fb4c-eaeb-44fb-b1d0-b60ff07bb5d3,89826.0,11.654073495146664,8056.23887983027,0.10074626865671642,0.8519900497512438
291,1b4c5f89-8ce5-452f-b082-353c118a2ae6,88383.0,68.43342554874,1314.334322427559,0.7898009950248757,0.6393034825870647
292,489b1a91-628d-4724-b9a6-a07dccd60452,101138.0,220.89616196894718,461.19225925854397,0.972636815920398,0.9975124378109452
293,70812ca0-458f-4544-9839-e0adbe8fdc44,87556.0,18.671311411593326,4988.131495890005,0.277363184079602,0.45149253731343286
294,5f61dc98-f975-4c1e-94c7-b96cf4beabaa,87559.0,77.75348212035213,1150.3086107649547,0.8370646766169154,0.45460199004975127
295,56468b31-df8c-48cf-a77e-47b87826daaf,87815.0,212.9939745492665,413.4420555934451,0.9701492537313433,0.5074626865671642
296,fda1559e-9dbb-496f-aa73-4fd7c11596ce,93590.0,148.01918094851973,636.2705792349667,0.9427860696517413,0.9825870646766169
297,eef3f75a-b5a2-4a99-b111-11e43606115d,86162.0,15.191232813751112,6224.686819431159,0.1890547263681592,0.16791044776119404
298,8a9d6281-2fb0-423e-8d81-bd201d2dfb20,90514.0,9.18069470302035,10470.874275818614,0.048507462686567165,0.8992537313432836
299,a4a49c7d-436a-4edc-8219-2f4f9b763829,86972.0,21.962943638254025,4128.003632136011,0.3370646766169154,0.32338308457711445
300,4f58979b-62a1-45ef-83a6-11c9eec20f89,86914.0,61.264283132725545,1454.0870380708693,0.7263681592039801,0.30970149253731344
301,ba83e165-5909-42a6-afc0-eb72f061585e,85551.0,15.474964103390327,5872.96109133166,0.19776119402985073,0.10820895522388059
302,49811392-94ce-4f59-aa73-f344b3022748,91407.0,15.199510265914306,6420.733187624811,0.19029850746268656,0.9396766169154229
303,f6d4daa1-d1e4-4a3b-8e92-8884a2478dc2,86606.0,99.29341983239671,883.1921270784366,0.8955223880597015,0.24253731343283583
304,866b5de6-5094-436f-adea-c8ae032fd82f,88888.0,40.37275516447896,2272.101560230088,0.5074626865671642,0.7114427860696517
305,819aaaa1-dda2-4b79-84de-f01271d7454d,86809.0,48.05048255070863,1837.2370122784143,0.5845771144278606,0.2898009950248756
306,90d62e7c-d9a4-4f85-86a6-4cf48d7b7fc4,88250.0,102.2021173823269,874.1082530758065,0.9029850746268657,0.6144278606965174
307,e880e488-8a4a-4ed4-9994-6c53cf464990,89679.0,17.604256852954606,5628.346482926236,0.25,0.8395522388059702
308,b727cc14-41cc-4df9-bf73-be44d4518f59,93390.0,97.52274017831276,970.089128207644,0.8917910447761194,0.9788557213930348
309,922a2d37-98e9-48e0-af98-1657ad5da74b,85025.0,40.20054852639957,2203.1924613262954,0.5062189054726368,0.08582089552238806
310,02382218-577c-4707-8ee3-60a62d0b41b6,87153.0,42.840908040318425,2098.091706215986,0.5323383084577115,0.3582089552238806
311,3a078dca-8ce4-4453-a70a-4690ab70598a,89535.0,11.458081847580788,8531.032857642844,0.09701492537313433,0.8258706467661692
312,fe96205b-d405-4db4-9aa0-bf1d8404b482,84643.0,14.957468947113604,6035.553228905149,0.1853233830845771,0.07338308457711443
313,210236cb-9b9f-4e7b-864f-81057de1c024,100362.0,24.000167614485377,4354.212646009227,0.3582089552238806,0.9925373134328358
314,2fb702fe-b76f-4e56-8c30-c875df9b9670,87243.0,55.51653293371414,1610.475209371445,0.677860696517413,0.3818407960199005
315,58b20505-c278-4e87-b312-32a9ce6ec621,86515.0,61.96062499742294,1422.1999859372802,0.7313432835820896,0.2263681592039801
316,e23b1dbd-55b1-4899-811f-437599b4251c,84608.0,20.355654849004658,4314.240647123236,0.31343283582089554,0.0708955223880597
317,31b8cca2-2f43-4c8a-b54b-158246ddaf89,86901.0,64.6873840287883,1367.0465732129735,0.7574626865671642,0.30597014925373134
318,95ddc0a5-f72e-4717-8fc8-8b9b6ba7bec0,87807.0,12.667835479240175,7231.799793274147,0.12189054726368159,0.5031094527363185
319,99b3d59e-38a1-487a-9dbc-4ad4ad669f14,90692.0,69.89974109199514,1319.251429157207,0.7972636815920398,0.9129353233830846
320,f80ff8cb-93a3-404d-ad99-a1916c42d0de,93167.0,11.21615720792327,8765.479849956875,0.09079601990049752,0.9763681592039801
321,03e1666f-dad9-42b9-a180-becf87d84a2b,95990.0,27.881450561409807,3581.1162000269187,0.39676616915422885,0.9875621890547264
322,e0d2d015-0ad6-483e-9e4f-d2452216b77f,84260.0,18.64272365757224,4912.763911661555,0.27611940298507465,0.055970149253731345
323,e699db33-eabe-4d59-a1b4-7bd549d89d30,99810.0,11.855197559930744,9540.517036004167,0.1044776119402985,0.9900497512437811
324,1a5a140f-0b7c-4150-a9a9-52efc2ecbae9,88027.0,80.57276293668102,1106.825641191963,0.849502487562189,0.5696517412935324
325,81d32f35-5c47-4f67-9a7d-1dd170631ad9,86544.0,29.673307450725776,3014.08495543458,0.4141791044776119,0.23383084577114427
326,2c95a6e1-37cb-419d-94e0-e4301789eddc,86500.0,54.48898955337805,1623.6784848676855,0.667910447761194,0.21952736318407962
327,a46707b6-ee97-446d-8849-2efed066c435,87136.0,13.125639421257109,7096.377421218939,0.1318407960199005,0.35074626865671643
328,5d456740-bff1-4d90-81c9-cdd6932eafd9,89395.0,9.996761806810238,10143.955396963664,0.06716417910447761,0.8103233830845771
329,df55a365-0677-477b-ba75-65bb97e64c41,89186.0,11.395958600913474,8277.340597013896,0.0945273631840796,0.7711442786069652
330,a6811746-dd9c-4f75-9b0e-049ea3f7a0d3,86480.0,49.02791082985868,1821.3525642770794,0.599502487562189,0.21766169154228857
331,5acfe149-ff76-4521-8ee1-5edac799db59,84639.0,16.724409757458687,5338.3498308622175,0.2263681592039801,0.07213930348258707
332,65f4e9e5-efc1-4c10-a8fb-9716b0ebf06f,84175.0,42.79845615931867,2047.6824381839729,0.5298507462686567,0.05099502487562189
333,c2ad1128-aef8-4d4f-8d2a-28cb39786657,89397.0,13.69241396178836,6928.069824994549,0.15298507462686567,0.8121890547263682
334,af58f659-c5a2-4064-b187-f8b61a1c82b2,89557.0,100.60757510008112,899.2080642749723,0.8967661691542289,0.8271144278606966
335,fb3e943a-163f-4b92-bb85-5ccb7f6b4156,88667.0,10.354868905194424,9506.706545615283,0.07587064676616916,0.679726368159204
336,58b4b748-1f4e-4286-9f9e-42ef840d2fe7,88243.0,9.555827747869197,9999.081452813554,0.05721393034825871,0.6119402985074627
337,ea7a0696-a27e-43ba-b5fe-11f46dcdba48,89286.0,216.04672283452476,414.55076086449697,0.9713930348258707,0.7922885572139303
338,2e12fc4e-5f20-46f3-b421-84ede672eac4,87986.0,53.61525504228947,1693.0427716589638,0.6480099502487562,0.5584577114427861
339,a1bfbee6-69b2-41a8-a3fb-7684a159085e,87081.0,23.8345134813,3827.776894694302,0.35572139303482586,0.33955223880597013
340,11b5fe3d-8f02-4ac2-a8b9-27ca3ac77d6f,88124.0,49.096547655431486,1840.4578186263486,0.6019900497512438,0.5870646766169154
341,d136cd67-0317-4ecf-8c2e-8e07df56cdb8,86318.0,16.734637881617246,5339.629686814217,0.22885572139303484,0.19154228855721392
342,6c0a949b-83c3-4e3e-8152-117f1ae83c9f,89692.0,39.56595669179265,2335.037687062031,0.49502487562189057,0.8420398009950248
343,955c7bb5-aa18-4a19-85e1-c8982de71b39,88247.0,36.02940231601155,2523.7879504918037,0.4639303482587065,0.6131840796019901
344,e1474e91-ae31-4561-85f6-e108ceed6b65,91135.0,53.951098392704566,1716.3246487771478,0.6604477611940298,0.931592039800995
345,49dd4891-1b10-4e57-a5d5-46f082e1a3c4,91605.0,95.18704194998435,974.1031772866774,0.8843283582089553,0.9458955223880597
346,9143b495-6397-4250-92ce-7888d0505780,89260.0,60.28456319646869,1513.906631496437,0.7213930348258707,0.7873134328358209
347,5899bd1e-d1b7-4b63-97d0-ab13dcbaecb5,86689.0,206.11539146647098,422.3410943775185,0.9676616915422885,0.26492537313432835
348,66fe29ff-296a-41da-af31-4b4e15feb04f,85758.0,51.231241206249955,1720.9486098216469,0.6181592039800995,0.12686567164179105
349,1b336e89-3a5c-49ce-a255-9a729a498f63,91671.0,64.75461091803344,1444.9843597769493,0.7587064676616916,0.9502487562189055
350,e8733776-020d-4cbc-9961-3e20203a4065,88933.0,182.2739173441786,492.56745730914866,0.9601990049751243,0.7213930348258707
351,e5751986-8ab0-409e-bbd0-a5bb7c344359,87817.0,53.57020561969571,1667.0024994982261,0.6467661691542289,0.5087064676616916
352,1466afdd-c07d-4cfb-8657-e3d4c10301b5,87298.0,49.41152110175315,1813.3422732622764,0.6044776119402985,0.39303482587064675
353,c0922706-5d80-47be-a917-be7503e25b6d,92286.0,32.124867754580684,3035.545264841551,0.43656716417910446,0.9614427860696517
354,6e1e8d8d-daad-49dc-a98b-7c14e6d76db6,87516.0,18.980315177623908,4881.65158729914,0.2835820895522388,0.43967661691542287
355,62b826f1-12c4-4e34-87fa-11047dba33b5,89229.0,59.24282333882611,1538.1474896771117,0.7089552238805971,0.7810945273631841
356,ad61ff02-49a3-41c0-ab8c-6035a553d7ab,86055.0,34.465931919515285,2574.53449906538,0.44402985074626866,0.15298507462686567
357,17c33483-5557-47de-b85a-01c5ed28034d,87250.0,11.271173173170583,8443.472621980169,0.09328358208955224,0.3855721393034826
358,033b3322-dc08-4e09-8481-afecd3f71c6b,86713.0,28.012012447445127,3226.0358396993033,0.39925373134328357,0.2736318407960199
359,b1143786-f6f1-447a-bed1-90cc216c35bc,86139.0,13.196953262031263,6902.361556376562,0.13681592039800994,0.16293532338308458
360,fad1a6a0-d578-4032-aa7d-7ad9d16f2d35,88795.0,36.46093332976662,2509.26867259005,0.46766169154228854,0.6965174129353234
361,c0d8535b-6de7-4b63-9a69-3f830ac9f464,84455.0,25.942655074870196,3357.3626041218063,0.373134328358209,0.06343283582089553
362,6ced7b75-54f5-4e04-b1ac-24bb02c90e8d,86610.0,61.61523481068973,1422.1428667097175,0.7300995024875622,0.24502487562189054
363,7be69afc-e812-4a0a-991c-0cb14519caa1,87890.0,39.79062349731799,2259.650163434843,0.4987562189054726,0.5286069651741293
364,9d926887-cf3c-489e-917b-057a2fc6773a,89181.0,56.74375224760944,1598.575991312268,0.6878109452736318,0.7699004975124378
365,b7741bdf-63bd-49de-b43b-780e7a6ff4ea,86575.0,46.415085816932375,1906.5514679651321,0.5659203980099502,0.23756218905472637
366,2d99cdc1-5402-479c-8f56-4929f8afcddb,90985.0,25.898224052880355,3848.4547300863255,0.3718905472636816,0.927860696517413
367,98bb820f-f06a-4b73-84c1-ec40ffc3583e,88000.0,231.55918925698006,381.84333611225077,0.9751243781094527,0.5634328358208955
368,e0669452-d8f9-4197-85ca-cf229b274aa9,89891.0,9.362933564476458,10548.590281012277,0.05472636815920398,0.8606965174129353
369,ff101b50-f431-4ac9-8166-dbac100c1a8f,89076.0,13.02488594438059,7486.525661225672,0.12935323383084577,0.75
370,fc3c49e0-3a00-438e-a099-29eba9371bc5,100792.0,156.7638907805449,647.606619278504,0.9440298507462687,0.9950248756218906
371,cd2c2669-ac15-430c-9957-06dbf7fd5b80,87493.0,18.076783473512958,5044.6833521166745,0.263681592039801,0.43532338308457713
372,db39a7ff-f49c-4714-b05d-d8484767fa2a,87037.0,23.02035562853051,3924.6570060815015,0.34701492537313433,0.32960199004975127
373,0d74f57f-7092-466e-b1e9-e6cea26127f0,87314.0,12.609491783606572,7435.1926000608755,0.12064676616915423,0.39552238805970147
374,83f2948c-ebcc-4ea3-9d6c-fa2ae4230ca2,86106.0,64.61655761543632,1360.9063462756478,0.7562189054726368,0.15920398009950248
375,2b37ea20-57d7-4a64-9ed0-2db37eb0b26a,87781.0,43.62630610546006,2054.5358414516704,0.5385572139303483,0.4975124378109453
376,312bd67f-e0de-43ed-a5c0-8e7fcda5b0a8,88532.0,18.100112817197537,5130.009461144157,0.26616915422885573,0.6616915422885572
377,da3a1f73-deeb-4aab-aae1-ba044cd10edd,85669.0,51.63621831254653,1689.326434469609,0.6281094527363185,0.11567164179104478
378,7ef2eb3d-c0f3-48d8-b014-5a3354de02ac,86735.0,16.73812981443128,5386.40004334069,0.2300995024875622,0.27860696517412936
379,54bee590-0292-44d1-b706-ae5c63b02abb,87559.0,45.796823254194514,1984.4601649361691,0.5621890547263682,0.45460199004975127
380,c9ef52f0-fd15-4882-8db0-fb7c2bb126b3,88178.0,76.5504233259248,1162.9099635540722,0.8283582089552238,0.5982587064676617
381,e46a61f9-78c9-45df-92bb-c6bcb03819bf,86898.0,67.38600255121462,1318.7520435551758,0.7810945273631841,0.3034825870646766
382,ff5d950d-3ebe-4f42-a303-a5ddc096dd39,87953.0,45.36375521922496,1990.966126228539,0.5572139303482587,0.5516169154228856
383,306a8583-df38-4eab-801f-100890717e72,85003.0,14.804850710452607,6184.995385916591,0.1828358208955224,0.0845771144278607
384,0e7385cf-4098-4871-ae51-ae6c0ad97c9b,87094.0,70.8252498439805,1246.0598472212894,0.8034825870646766,0.34328358208955223
385,c5a79c93-a9a6-4ccd-9795-106f8b10d730,86753.0,23.63130655016302,3833.5248119988123,0.35199004975124376,0.2835820895522388
386,a688986a-2b98-44f2-a4aa-ed1e37dbb4fb,88730.0,50.50027146362708,1794.0695638686923,0.6144278606965174,0.6853233830845771
387,de53fd8c-00c5-438a-a6ee-82cec2b5016d,85765.0,62.93720418649607,1394.620258947455,0.7437810945273632,0.1281094527363184
388,b4d36fd7-3669-4d3b-bf36-78f5b5c1cc5f,85335.0,66.65864204652839,1307.941435997805,0.7798507462686567,0.09825870646766169
389,fbc2154e-b6f8-4220-aaec-b11c0ccd65da,88360.0,24.818062630610772,3741.883847845792,0.3681592039800995,0.6318407960199005
390,d811daf2-1a1c-45e0-afaf-c8dcd173ef81,88125.0,185.68595411010037,477.7596152878558,0.9626865671641791,0.5883084577114428
391,e8417d3c-c6f2-4d48-a2f0-37d9f69f0bed,87110.0,20.93656949697668,4323.240889411413,0.32213930348258707,0.34577114427860695
392,797ef3e1-9483-47d7-b7ba-b81a0e1f584a,87445.0,14.037082456170376,6615.007092102883,0.16169154228855723,0.4191542288557214
393,ba14551c-2670-4040-bab2-0d4f0f081c91,89847.0,42.567698415772256,2152.678552961624,0.5236318407960199,0.8544776119402985
394,188e90fa-1c88-4bc4-922f-2c7f840b12e6,84584.0,18.933671595836252,4725.170647195925,0.28233830845771146,0.06965174129353234
395,448251aa-eb37-4c29-9a1b-a6bb574251d9,89455.0,53.09279759421799,1723.1292029328504,0.6430348258706468,0.8196517412935324
396,26acdea1-cd3f-43e4-9b74-9ec30c9795c2,88590.0,27.054925469497682,3384.0741902328323,0.38308457711442784,0.6703980099502488
397,8ad71982-3368-4b5e-b295-268855181d85,83941.0,38.115659194727805,2253.707906798631,0.47512437810945274,0.0472636815920398
398,affb0cf0-4576-4b8a-ab33-3cd5978f2a14,87366.0,48.90418814349572,1816.4804155288875,0.5970149253731343,0.4017412935323383
399,9727de93-630f-46b9-a9fc-277e428bcdb2,86542.0,39.53891739078975,2251.373956678556,0.4937810945273632,0.2325870646766169
400,43739cb5-a835-4a25-8328-c35f62dcde2a,87072.0,48.026685403776554,1857.0122444912624,0.5833333333333334,0.3370646766169154
401,fcb94e57-5fac-4cc3-a845-cac11e47981e,94382.0,29.771180271483058,3276.4774224767675,0.4166666666666667,0.9850746268656716
402,cf643f56-391f-4dd0-b6cd-7f78496f0690,86290.0,32.102682268507536,2772.82719654593,0.43532338308457713,0.1865671641791045
403,58b5972b-6003-4a0b-996b-44c6faa6c6ac,88036.0,14.861354307730421,6235.120394453769,0.18407960199004975,0.5708955223880597
404,4f14829e-967e-42bd-942d-03e5c345c1e0,87486.0,130.36853918923174,677.893612597139,0.9353233830845771,0.43283582089552236
405,c30cf366-c3ba-4616-bf06-02ab1225e975,88494.0,19.18233964171184,4852.206164897228,0.291044776119403,0.6579601990049752
406,72e15670-3203-4906-bb7d-85cc034804f5,86640.0,47.7177513473348,1864.164749770179,0.5783582089552238,0.2524875621890547
407,a3237eea-7bf1-4908-b028-2026941dd6d9,87534.0,45.31444824354372,1958.5291249642762,0.554726368159204,0.4465174129353234
408,c6cfa7de-c66c-4463-be7e-77cd24e81f09,87495.0,61.97514335057849,1444.4527568136891,0.7325870646766169,0.43656716417910446
409,d81f3fe8-a3e6-4994-afce-48f8fc0324ef,88139.0,18.005147120726523,5142.307329075798,0.2574626865671642,0.5907960199004975
410,25e3d8d0-0bc9-4138-932c-7ac4665e2635,92566.0,48.01054766746563,1986.3603860662681,0.582089552238806,0.9651741293532339
411,ec57b28c-9c9d-4a45-9e46-40759bb9fab8,89344.0,66.31598239062426,1373.1079103017844,0.7748756218905473,0.8009950248756219
412,34fdf5b3-0e51-4e20-b6ef-452593a1adbf,86048.0,187.90392967221237,460.77136412758983,0.9639303482587065,0.15049751243781095
413,37a42162-b4f8-493c-a783-3fe60165c9df,91746.0,159.23813993627058,579.042600620484,0.945273631840796,0.9527363184079602
414,ba67d990-22c2-4205-b70e-b5ed45f25b4d,88086.0,30.05235412550309,3096.2133485921154,0.417910447761194,0.582089552238806
415,49332a75-b52f-47d1-b5e7-49702cdf9f93,87476.0,16.78568592763692,5453.355489589261,0.23383084577114427,0.42786069651741293
416,bf147a82-67e3-43fe-9761-989b4c222a96,89023.0,43.93514769972424,2054.7937447182703,0.5447761194029851,0.7350746268656716
417,64d87e82-fa46-4fa8-816b-ea0389188fb5,88145.0,75.81888008638312,1187.9758695641367,0.8208955223880597,0.5920398009950248
418,1e0999be-6966-4f4d-adba-47a03c98de0e,87676.0,17.99730747487642,5032.567610077384,0.2562189054726368,0.48258706467661694
419,108b9918-f579-4526-a5b9-cb3907b571d3,88906.0,39.04525881561896,2339.611844587331,0.486318407960199,0.7151741293532339
420,fd6f4a86-5095-4cf4-bb27-422d028dbc89,91375.0,12.123447741284062,8286.504148312484,0.10820895522388059,0.9365671641791045
421,c29df52a-9555-4f20-8129-4aea58ad6a8d,87484.0,51.72687313283874,1736.836916981694,0.6293532338308457,0.43159203980099503
422,d6f02361-a7db-4c22-a31e-73a957239b71,90348.0,61.28509089545906,1501.2569178303004,0.7276119402985075,0.8905472636815921
423,5adb77dd-32ec-4390-9245-ff59ca39c201,85626.0,10.086838394951863,9248.864346502223,0.06965174129353234,0.11069651741293532
424,3df1f25a-8cbb-481d-a9c4-61131fe390fb,86852.0,21.13158644471061,4262.954900981816,0.3271144278606965,0.2960199004975124
425,f2c2d119-ecf9-4609-97fc-78bc38709c14,92660.0,13.947943023129413,7545.413673218984,0.15920398009950248,0.9689054726368159
426,44f223c1-2f03-4afd-8c2b-7506bea99554,87140.0,77.79036860015172,1138.2578793928906,0.8383084577114428,0.35261194029850745
427,d439db8a-d3c8-44a7-bf08-ff7644a28c2a,83762.0,35.01902080454198,2468.7726273827416,0.4564676616915423,0.043532338308457715
428,b6ceab5a-64b9-4ed6-a42a-9ffc5ff69ce4,87140.0,195.0675119125844,448.8121359024657,0.9664179104477612,0.35261194029850745
429,8089d8c7-655e-40d1-9f7b-6faa9cb2395d,86502.0,129.5395794079167,672.9340978134486,0.9340796019900498,0.22139303482587064
430,f4ae5871-9bb1-432f-92ab-db4e64509d6c,86968.0,52.459201736468316,1700.0474727265143,0.6355721393034826,0.3208955223880597
431,2d6520c5-f3d0-49ee-b64a-30922ea14936,88947.0,28.83498706148057,3158.7564026228915,0.4054726368159204,0.7238805970149254
432,1dea46a2-23bc-4f3b-b0ab-b82aa185776d,90236.0,11.95114921832701,7959.82028691603,0.10696517412935323,0.8868159203980099
433,0adb284c-cdb3-43e1-a5da-c16ed3fb087b,86804.0,70.97579060488094,1250.0290485513617,0.804726368159204,0.2885572139303483
434,47a98fd3-32b7-4bd5-8abe-a5351fbb209b,88908.0,51.15596325058791,1777.2903533187816,0.6169154228855721,0.7164179104477612
435,8b0b13fd-19b2-45d2-8578-8f5ca89253b7,89921.0,47.08087529912376,1951.1107093140563,0.5696517412935324,0.8631840796019901
436,0aba56f2-1b62-46fb-aafa-6411fee193fa,89149.0,67.96789300294911,1333.6811837916887,0.7848258706467661,0.7599502487562189
437,3c15e87b-9ae4-4642-9fa1-27ff52414b47,88423.0,13.270416443395483,7052.679951621228,0.13930348258706468,0.6455223880597015
438,21b331c3-0664-49a3-8fa0-f831285f7e9a,88118.0,41.5954361581748,2207.822343396316,0.5174129353233831,0.5845771144278606
439,46bdc010-1cdc-46ff-a840-eadd97f25497,87376.0,137.25954268109908,640.8200475432501,0.9390547263681592,0.4060945273631841
440,042afddb-a4c5-4d5d-8c9f-91fdbff3c35d,92626.0,325.84010326549605,285.2268103340451,0.9888059701492538,0.9676616915422885
441,26e3d795-33f5-424f-a304-910c42cce265,85814.0,41.547035327935376,2131.993277037555,0.5149253731343284,0.13308457711442787
442,ba852e74-da44-4654-81d9-2bc5a90daca1,102559.0,94.9008712772087,1093.8817730144942,0.8830845771144279,0.9987562189054726
443,0c5b6b0f-20c4-42fb-a14b-80f2c153f73f,90723.0,8.93675667295622,10985.193352872766,0.0472636815920398,0.9166666666666666
444,bad214b1-f62a-45e8-8f72-493e83e3a0c2,86014.0,14.528819036968306,6399.856709854265,0.17786069651741293,0.1455223880597015
445,5162df08-5e62-4f84-98a3-ad682d046ee9,87036.0,42.78908403346702,2081.4264980216494,0.5286069651741293,0.3283582089552239
446,fd12cc6d-c546-46e0-af84-2e848d5e6944,86503.0,50.04366815279906,1757.4137112191179,0.6094527363184079,0.22263681592039802
447,5cee4a50-9464-401b-980c-be37f8879261,87533.0,62.4569993091229,1441.3708790977814,0.7375621890547264,0.44465174129353235
448,36635e97-b3bc-479d-b48c-3b666d05a4b1,85220.0,35.88749747662113,2469.976425216553,0.4626865671641791,0.09203980099502487
449,77537738-ad3f-49e7-9a01-ce5e769c27a7,86417.0,41.98671893629074,2114.135189622461,0.5211442786069652,0.20771144278606965
450,b858212c-82d5-4883-9653-de8ef7c66181,87564.0,14.043306967693425,6622.0157555435235,0.16293532338308458,0.458955223880597
451,664f9065-62eb-4d1d-b5e3-58b05ce49afb,89269.0,45.05572808730346,2031.987286705636,0.5509950248756219,0.7885572139303483
452,d552bedf-d187-4820-8a9e-1aebb3f91670,87925.0,21.849699540595264,4234.127212391269,0.3358208955223881,0.5404228855721394
453,4b3bd133-b19f-4321-ae22-42adf6d2beb4,89061.0,26.061842954391103,3509.9462009172353,0.376865671641791,0.746268656716418
454,c4445c3b-7165-4807-b793-b7369a85d111,87956.0,109.45436127991614,811.8817647909085,0.9166666666666666,0.554726368159204
455,a4bf3254-0b97-4003-b858-af52840f3102,88016.0,13.554335527294274,6970.977273066093,0.14925373134328357,0.568407960199005
456,30707ee2-2532-46d5-93ce-7fe266d90469,91668.0,13.698428568550714,7214.253287433016,0.15422885572139303,0.9490049751243781
457,83842065-cae1-40df-a220-56706e21dc5a,87618.0,80.35779665927606,1110.1936339044216,0.8482587064676617,0.4695273631840796
458,59f3d9bc-0325-4bc2-91c9-9ad8aa3cbba2,84538.0,12.255190330694195,7455.081641255029,0.11069651741293532,0.06467661691542288
459,3f5c400f-d24b-4504-a3b1-b91cbafc4e74,90551.0,6.644766291843303,15704.596733236147,0.028606965174129355,0.9017412935323383
460,56cc7ae6-de42-4f84-8b86-d35ac347ce0f,88721.0,85.40968264991172,1055.9019446268042,0.8619402985074627,0.6840796019900498
461,1480cf10-31a8-4c75-ae38-5a053b923820,88638.0,123.90796359410841,720.3713741305013,0.9303482587064676,0.6753731343283582
462,8728a458-3ae0-4ec6-a5ee-547d014af81d,87257.0,51.63617378522049,1718.7240422282262,0.6268656716417911,0.38681592039800994
463,5b0edf75-30e4-44fe-b1da-54efa56732a9,89363.0,10.162360333217158,9314.551957376514,0.07213930348258707,0.8022388059701493
464,f93256f6-c949-40ee-946d-3c07e829412b,89375.0,53.17176265500299,1721.571665659028,0.6442786069651741,0.8034825870646766
465,e5a022ef-1b71-4023-8e1b-8bfe0eabc37e,87929.0,46.65280046905716,1913.268494836345,0.5671641791044776,0.5435323383084577
466,8403948a-9395-4ce3-af90-b96866996cfe,87236.0,13.454587743106504,7081.087353265399,0.14676616915422885,0.3793532338308458
467,51833bf0-d545-4a39-a94d-46083c7e0899,87826.0,35.10159991120747,2586.118847019427,0.4577114427860697,0.5111940298507462
468,3b38cbaa-1ccc-4d8a-9e17-3b865d90978d,88368.0,13.317122999028786,6995.886674631437,0.1417910447761194,0.6343283582089553
469,81c7d4f7-bddb-457f-a621-639e60a7b8ad,89923.0,68.58028213784415,1329.9048524863224,0.7910447761194029,0.8644278606965174
470,25cd6f40-0749-4ac0-ab38-c658270cb735,90918.0,30.815925278550964,3104.691860333171,0.4253731343283582,0.9216417910447762
471,01f36408-b1a5-4e3a-870b-f88b06c84204,87193.0,24.697887852698603,3619.236613799472,0.3656716417910448,0.373134328358209
472,fa61e8ec-ad73-4419-944b-c360aa6cf16a,91407.0,6.2159023284687045,17129.45190794693,0.01990049751243781,0.9396766169154229
473,a5ed6e12-7c56-4853-9c23-cfbf5965128d,88054.0,73.10367736781915,1222.9298153750826,0.8097014925373134,0.5758706467661692
474,9e1279fd-18dc-4e95-b182-c1cca4c34384,85170.0,10.158074507102056,8828.844722225364,0.0708955223880597,0.09079601990049752
475,85b33f21-5e48-4eb5-9da8-69998d95a1f0,86688.0,13.48070285377379,6745.035416040183,0.1480099502487562,0.263681592039801
476,6c3d7832-5064-4ab1-baa1-9165a3637bb1,87874.0,63.976124972220134,1396.5944332951894,0.7512437810945274,0.5248756218905473
477,255576db-0bf0-4099-8a40-5f7d33ac43a4,85913.0,24.028127887905544,3732.3340552528252,0.35945273631840796,0.14054726368159204
478,a443bc4e-df23-4db0-857d-3a0a4bce8ca4,83233.0,34.89500304456117,2463.825026992859,0.4527363184079602,0.03731343283582089
479,e2a104ee-3d82-44cb-94a0-09b25ef2f987,87804.0,77.56670246418442,1149.0841280486532,0.835820895522388,0.5012437810945274
480,2da33600-0e20-46c4-9555-983f28f81df5,89222.0,15.605774857563485,5952.170538223175,0.20398009950248755,0.7798507462686567
481,a0807dd0-84e6-4443-994c-912357c5622e,87178.0,14.329728325218154,6457.292692504086,0.17164179104477612,0.3694029850746269
482,ea2f41f7-afd0-4c0b-a0e2-6206fcd65556,86598.0,16.98028948805595,5421.256219733577,0.23756218905472637,0.24004975124378108
483,a997f555-d861-46ad-bdee-1abb0800fefc,88133.0,15.033173169553486,6649.18835648382,0.1865671641791045,0.5895522388059702
484,ae9e9db3-f809-4463-8d16-71d98a21c6b7,86025.0,38.759723860192054,2288.761145976865,0.47885572139303484,0.14676616915422885
485,161f77a5-612e-4fce-b68c-ad07d035bbc1,89161.0,179.40050165953858,500.81799754668026,0.9577114427860697,0.7649253731343284
486,a6c99609-25da-4241-95ba-0b0571b55185,87684.0,45.34621002532547,1991.888626404599,0.5559701492537313,0.48569651741293535
487,98bac58a-a067-4cdc-a640-480359ac36be,87930.0,20.15558626663096,4575.555321488311,0.30970149253731344,0.5447761194029851
488,6797cf08-7948-41b2-a30f-1a9a7545f02a,89857.0,49.726290197784735,1858.4624768280305,0.6082089552238806,0.8557213930348259
489,a93a4075-f308-4247-8277-f1f367a9e200,88853.0,10.989638576669611,8672.74502872841,0.08582089552238806,0.7064676616915423
490,8ca32a69-e42b-4a03-8fb4-60539d58ba4c,87897.0,58.14097933136942,1551.3240581301295,0.6977611940298507,0.5310945273631841
491,f101e826-6d26-4770-9890-f9fe2375dfcd,89484.0,14.43043506727624,6488.47034503673,0.17537313432835822,0.822139303482587
492,69a8823f-c27d-4f57-a03d-693a8f38f4f8,87440.0,80.6040760461368,1103.4621301736063,0.8507462686567164,0.417910447761194
493,8690000a-de5b-4dbd-8bca-fbf4a43a834e,83326.0,21.394976808851236,4109.8689897976665,0.3308457711442786,0.03980099502487562
494,aa229741-8949-447e-9262-7a5e692f8487,87909.0,17.25375622474174,5396.088758139018,0.24378109452736318,0.5360696517412935
495,5841761d-3eae-41e8-9481-6361e76eea7b,85774.0,70.398590051763,1235.7187420783946,0.7997512437810945,0.13059701492537312
496,6cf2bac0-fad9-4676-8537-3c1af439ad3a,86676.0,167.75939961623519,521.1064190738779,0.9527363184079602,0.2599502487562189
497,454d01da-c085-4e7e-8a93-b15eb1513460,88954.0,6.286196942436449,15304.599609861794,0.0236318407960199,0.7263681592039801
498,85b7137d-9160-4c15-8f62-4f58ccc6fdd6,89057.0,53.74961752380179,1707.9712234109802,0.654228855721393,0.7450248756218906
499,3730aed6-e18a-442b-8669-ca6922e73320,89120.0,49.46947873265602,1855.146753275998,0.6069651741293532,0.7562189054726368
500,c404fef4-fd0b-4145-ba6c-59377a33953b,87091.0,19.00482005517997,4723.788477835701,0.2848258706467662,0.3420398009950249
501,d90d4de0-a18e-4a94-aff3-c01be1ee43bf,88457.0,17.682659688672658,5281.949137478427,0.2524875621890547,0.6529850746268657
502,6f947e30-4aa1-407f-a7af-2f0289d18d1a,71942.0,7.493841247568726,13005.457430120121,0.041044776119402986,0.006218905472636816
503,a928abc4-4cb8-49a8-9f0f-9b20724018e4,87727.0,106.34712805631676,836.0815813748594,0.9104477611940298,0.4900497512437811
504,70c6189b-3ba5-4c89-9eb4-7174f1921eca,87572.0,56.24973234974377,1586.891995236429,0.681592039800995,0.4626865671641791
505,db9d4fe6-8c0c-4c74-b002-9a3efb48ddfc,86091.0,19.97174868885548,4525.659457339839,0.30597014925373134,0.15671641791044777
506,acc4b32a-c725-4b19-8a4f-e2e77509813d,88448.0,72.29975704606267,1242.9723649381751,0.8084577114427861,0.6517412935323383
507,0ef8e443-f29e-45b2-b967-0701e296a2a2,86698.0,100.72091108679811,867.9759981320527,0.8980099502487562,0.26990049751243783
508,1791de6e-9f0c-4e9a-ac3f-a93b04ad9c98,89039.0,14.796059462702727,6700.915409746002,0.18159203980099503,0.7412935323383084
509,7719f8da-91ee-4959-bd02-ffa92a190246,89323.0,26.128204752253065,3495.1214928811846,0.3781094527363184,0.7966417910447762
510,149ac7fe-103f-4b7d-962a-1a3b764da060,88333.0,52.99074790778156,1713.842158556162,0.6405472636815921,0.6243781094527363
511,07ece0a6-8e9d-47bc-8b6d-3fe37785d81a,91610.0,27.758798707682633,3555.2331006559893,0.39552238805970147,0.9477611940298507
512,5fe674c9-154b-4f03-a7b5-a5f7f197325a,89640.0,10.853324075913356,9219.387470615025,0.08333333333333333,0.832089552238806
513,1f2553da-1832-42fd-a18c-4cea012896c8,86734.0,45.55822243314185,1971.4764572909364,0.5584577114427861,0.277363184079602
514,76a23639-3aa4-4ddd-aff4-99324cfdcf8e,87238.0,12.419995965210198,7370.936371995081,0.11567164179104478,0.3805970149253731
515,75787dcc-b2d0-4133-8c68-6479bf1ffdb2,85743.0,39.20267744479299,2232.0612642083747,0.48880597014925375,0.12313432835820895
516,0f2fb44f-f0cd-4512-b7ac-6df1aed724c4,86000.0,5.255522647498488,18137.301728757782,0.011194029850746268,0.14365671641791045
517,b0b574bc-a9e8-4533-bde3-856dda515fec,88169.0,17.87884904115636,5158.39529263917,0.25497512437810943,0.5945273631840796
518,eca4cbd7-67b6-4756-8203-9e53734ff320,89390.0,59.75882582354214,1525.5236150253459,0.7164179104477612,0.806592039800995
519,fc24dc26-3aa1-4a1d-a481-4d9d564a00b2,87247.0,54.24919600697457,1647.492158012986,0.6654228855721394,0.3843283582089552
520,6e05b120-9fdf-4697-8923-c663361e0a90,86602.0,15.509600459438486,5885.773797896077,0.19900497512437812,0.24129353233830847
521,4665d057-44f9-44bc-9559-04f1d9bb91b7,88784.0,51.253984680454685,1763.5897104107482,0.6194029850746269,0.695273631840796
522,6804fca6-389c-43d8-b9ad-342d7f22565d,89335.0,78.30010247838682,1159.430155599847,0.8420398009950248,0.7985074626865671
523,6d1317ad-10cf-43c2-b562-ebf9d047965d,87946.0,54.8735333514841,1629.8522172270712,0.6703980099502488,0.5485074626865671
524,01842a85-51e8-4319-b4e1-cdf7854e0411,88554.0,31.19108800820822,2948.2032381322247,0.4291044776119403,0.6666666666666666
525,bd3f4cb9-70b5-466a-9196-4fb745bb527c,89201.0,50.23689999184567,1804.5235012785693,0.6106965174129353,0.7748756218905473
526,bc8fdadb-5bbd-4254-a069-6ca5a0c9137a,86433.0,162.7241680921797,535.0412534161669,0.9502487562189055,0.21019900497512436
527,e63e5deb-e23e-4265-82e6-74908f2e41ec,89234.0,39.38263414422219,2321.1574366225645,0.49129353233830847,0.7823383084577115
528,3824fa9a-65ac-4ef3-be86-97b0cf9b9355,88818.0,11.227972158319073,8599.623509200852,0.09203980099502487,0.6983830845771144
529,12d121ab-c077-4d5b-ad11-dee0d0aa2f88,88631.0,66.39314222454955,1369.5261259004187,0.777363184079602,0.6741293532338308
530,ac5a0f9f-8535-4fe6-9084-8ecde7f763cf,70543.0,558.7462779492698,126.37444361895328,0.9975124378109452,0.0037313432835820895
531,4dcfd3ae-b001-4d1b-a87c-8ce82e85cdeb,85754.0,5.110224944601114,19690.559919969386,0.008706467661691543,0.1256218905472637
532,d5737e68-9d99-4faf-ba7f-a5991db2849b,85631.0,16.235955715092075,5651.007037098197,0.21393034825870647,0.11194029850746269
533,cfbdbc8c-1106-4f8a-aa66-ec891dd9e842,87473.0,47.253593266539276,1880.110989631552,0.572139303482587,0.42661691542288555
534,d26cbdcc-9b6a-494d-9b4e-7f8f30c31651,86158.0,27.919398370501646,3207.4115212530282,0.39800995024875624,0.16666666666666666
535,ca6c2404-b61b-4a7f-84bb-e29c46df069e,86651.0,45.71596046393234,1949.9098147643356,0.5609452736318408,0.25497512437810943
536,5aab3333-4b01-41cb-b8bd-bd3a5539a1aa,86661.0,25.15023996371422,3646.860972450273,0.3706467661691542,0.2574626865671642
537,96226e3a-0591-46bc-80fd-fc3a315430f0,91944.0,22.342679912333114,4318.4166079710285,0.33955223880597013,0.9577114427860697
538,2ddbc381-c8f5-4ae9-b7c9-ecac50fd99b3,86869.0,47.47910798525148,1874.4497059137116,0.5758706467661692,0.2972636815920398
539,87b8cfb0-f56f-4422-9a40-a36c85005221,88781.0,13.254417056684925,7335.944406368776,0.13805970149253732,0.6940298507462687
540,c914c392-2a09-4ea3-8b1d-e925d0fd254b,90595.0,23.853715971461313,3938.396856590255,0.35696517412935325,0.9067164179104478
541,978a3b00-4142-4169-a45c-61867dd743ab,86521.0,9.426833570726778,10394.706338186897,0.055970149253731345,0.22885572139303484
542,b64756bc-c262-4863-9af9-c13756031927,89110.0,17.541321371507934,5247.617377711254,0.24751243781094528,0.7549751243781094
543,369d9650-b94b-475c-bd0e-aad36f4a8996,87466.0,13.330446194998464,6858.393418124814,0.14303482587064675,0.42412935323383083
544,1441f90f-7951-4616-a898-b72517aac31e,87533.0,13.13801805905188,7342.850311697767,0.13432835820895522,0.44465174129353235
545,1d6a7a2f-29ba-4201-b175-c221e55914ac,87377.0,11.521492007755239,8007.513257649254,0.09825870646766169,0.4085820895522388
546,35d53e94-4e03-4d3e-9586-01e3a9f0e4ea,89687.0,20.269891915872588,4596.961693402074,0.31218905472636815,0.8407960199004975
547,f34ba2c6-0b5a-4e1e-8b6d-1837e2fab8fe,86704.0,116.58623836623424,748.1757814845386,0.9228855721393034,0.27114427860696516
548,b6d06bc2-d9a7-40e9-9671-ed2109e11773,88201.0,55.398365808795205,1631.5282712843195,0.6766169154228856,0.6044776119402985
549,3fd45335-3195-4bc7-a86f-017010201230,86615.0,47.206725596877085,1857.5997146855939,0.5708955223880597,0.2462686567164179
550,b9514152-d52a-41c4-8450-aedf7c3692f6,87568.0,6.248788586941879,15621.687890672103,0.022388059701492536,0.4601990049751244
551,df516e1e-6cd5-4522-82d2-9bd5cc050846,87685.0,9.780281369173334,9998.076364981416,0.06467661691542288,0.48756218905472637
552,815eb1b3-e358-4d9f-a3a4-e5a978cd6b56,87154.0,40.70797341378253,2180.475777994576,0.5111940298507462,0.35945273631840796
553,907148b2-5aec-42a6-8600-29bd26afc6b0,86478.0,57.289797244396055,1527.1451033437086,0.6927860696517413,0.21641791044776118
554,06429bac-4788-4aa7-a093-ca0c2a971546,88762.0,6.687995899524098,15387.469561794476,0.03233830845771144,0.6890547263681592
555,f0ce6f2a-24da-4b3d-a88a-534f3f9ba3f4,87007.0,40.15076181389719,2246.1264351100094,0.503731343283582,0.32587064676616917
556,f25f9d55-2f3d-4a14-aaf0-720ae0ab652b,90112.0,6.5745135746228724,15308.432914106992,0.02736318407960199,0.8718905472636815
557,40a468ec-5521-4986-a760-dcbe0ec0bf3f,87174.0,23.708925516919056,3790.735299473169,0.35323383084577115,0.3681592039800995
558,48359d2c-af48-4118-ab95-2ad0376dd40d,90424.0,76.2033807490706,1203.1159129526964,0.8233830845771144,0.8967661691542289
559,c37d4692-8196-4c1b-9027-43b3631e7ea7,86663.0,226.5507160209918,383.9934895281429,0.9738805970149254,0.25870646766169153
560,aac067f3-bd77-4baf-9a97-acbff4eeae37,87769.0,12.897641970654945,7348.904449138259,0.12437810945273632,0.49502487562189057
561,0bf4d230-07d2-4a52-91e8-fcebbfe3b45d,86442.0,42.60311166575502,2076.2098480966065,0.5248756218905473,0.2126865671641791
562,6bf83ed8-6718-43b2-a0fe-d7d8f2294994,87190.0,49.46658015940918,1800.0789566016265,0.6057213930348259,0.3712686567164179
563,fcd33640-cce5-4af9-b20f-48119703de53,87904.0,55.32380213975669,1618.539336356498,0.6753731343283582,0.5335820895522388
564,86de0d7a-8892-4f54-ad91-7aadaaef2963,85116.0,16.474356480733775,5408.261324452751,0.22139303482587064,0.08955223880597014
565,01ee3561-65bb-49ab-a880-bf0b2bc8c50c,87799.0,27.59163992175458,3270.966625734153,0.39303482587064675,0.5
566,39db11f8-7139-47f7-bf26-da1f4cb8f5dc,87214.0,12.200961662709044,7747.282764513849,0.10945273631840796,0.3756218905472637
567,843d8586-4521-43d8-8df1-45e116a09265,89039.0,40.131593574351584,2267.9949110760076,0.5024875621890548,0.7412935323383084
568,c17401e3-a273-4c4e-823a-312dfc121050,86253.0,66.37313167765873,1329.8819317446764,0.7761194029850746,0.18159203980099503
569,2e9beefc-7c44-4cd2-a1bb-61f517209508,86181.0,53.72475644615096,1639.163909592577,0.6529850746268657,0.1722636815920398
570,c9cfc86b-33ec-4a83-9c94-4e4e3bb92ba8,88466.0,49.05281809174717,1861.5580147887526,0.6007462686567164,0.6567164179104478
571,fc4a4428-64c3-44d3-8637-c29a35db1bc0,87069.0,12.368103768031373,7652.264387094842,0.11318407960199005,0.3358208955223881
572,09607397-3449-429e-95c9-9db4deb81afc,86722.0,5.47000245091149,16785.65975499701,0.013681592039800995,0.27487562189054726
573,86d4e2ca-ae30-4150-a88e-e97d57b317cc,87401.0,83.33711135922627,1063.4217883793806,0.8569651741293532,0.4116915422885572
574,854638fc-e178-4b28-b062-6892536363d9,87926.0,208.02688153325545,425.0203916676626,0.9689054726368159,0.5422885572139303
575,5e498f92-04a8-4e98-bf39-26f82db15b9c,86697.0,47.53013650391109,1871.8248558316268,0.5771144278606966,0.26865671641791045
576,0862ab2e-5f5b-4b4c-a9be-f2a4fc401696,87660.0,16.74420412738798,5467.472200634026,0.23134328358208955,0.47885572139303484
577,2b425216-6a27-4699-bc10-c315cf46a22e,86311.0,34.73055083148519,2557.6000096816956,0.4502487562189055,0.1890547263681592
578,c4a3e3d6-7b1b-48b4-b8bf-80050065037d,87732.0,58.450488910866135,1539.5949392366413,0.7002487562189055,0.49129353233830847
579,10213006-e730-4eef-bfee-ae0fa57c6303,89053.0,53.827563840286736,1694.45528448263,0.6579601990049752,0.7437810945273632
580,73a2362f-d780-43ad-9f0b-278abc3547de,88945.0,79.26289405195783,1139.9255740116168,0.845771144278607,0.722636815920398
581,2b4ba629-6bdf-4150-b9da-817ea333be04,87964.0,26.378157285580755,3444.879429778971,0.3818407960199005,0.5559701492537313
582,b05bae92-aa34-4659-a277-81c292c2c9be,88038.0,426.9098251706819,206.69370022883066,0.9925373134328358,0.572139303482587
583,5faeba8a-80f6-4fb3-b8c0-a20ba88790f1,86213.0,24.136256326432036,3711.637970816514,0.3619402985074627,0.17786069651741293
584,2e03d204-93ca-466d-8d76-c0c497e0f0eb,87622.0,54.08234822705828,1682.9836141769874,0.6616915422885572,0.47139303482587064
585,b3b5cf10-b9d6-40a1-aed3-ebb49adddd41,88235.0,402.0778407746514,220.07347257980308,0.9912935323383084,0.6094527363184079
586,bf88ac76-ed55-4d77-a010-6eb6b5fac4f3,90557.0,15.904732123363171,6144.661805176914,0.20522388059701493,0.9029850746268657
587,6368ae35-0f31-4fbc-b2da-b820f7050b9f,87827.0,48.12040956189827,1860.237699865262,0.5870646766169154,0.5124378109452736
588,fc320efd-789d-4d56-9cf8-6ab42859cba9,84182.0,51.35417506219414,1687.0942475155323,0.6218905472636815,0.053482587064676616
589,646eb7db-9f97-419a-b2ed-b6cd070796f4,90913.0,65.73915096312273,1406.2274709306457,0.7723880597014925,0.9203980099502488
590,1098037d-e8a6-4ba5-979b-f0a10c79f184,90122.0,28.50523485971838,3280.443064587465,0.40298507462686567,0.8743781094527363
591,05a595a7-08b8-4d27-9de5-3dae483ab692,88046.0,28.916621956747008,3166.9213230938763,0.4092039800995025,0.5746268656716418
592,006820f8-6ca3-4dcd-8c55-03bc35d43a45,84769.0,28.07928921074416,3126.744033335636,0.4017412935323383,0.07835820895522388
593,737979bc-2862-47ba-8416-17e955d05b65,86528.0,15.948666007831054,5749.822584219447,0.2064676616915423,0.2300995024875622
594,eba17165-f3d4-4035-915d-c97a0d48be45,87463.0,10.86515076494061,8497.791204759258,0.0845771144278607,0.4228855721393035
595,3be2e9f1-3b6e-471a-ada5-32d7f1352ed4,86175.0,66.61594577447136,1311.214589607666,0.7786069651741293,0.17039800995024876
596,34813800-7096-412b-b4a8-08d9c13a2a5b,87377.0,40.97625632374516,2182.3842762370396,0.5124378109452736,0.4085820895522388
597,da4abd2e-c328-4dde-b61e-1312fdce83f0,86825.0,46.36435884572747,1916.4697000242688,0.5646766169154229,0.2935323383084577
598,85cb7322-3e04-4e85-9407-0ae59fe2e2a9,89884.0,10.559539119358588,8996.249639896245,0.07711442786069651,0.8594527363184079
599,5372d4bd-c524-48a3-9e0c-e4874707f7d1,87985.0,101.75335494864301,874.4478257734992,0.9017412935323383,0.5572139303482587
600,714689b5-9c12-4795-b159-73040560d2ed,85702.0,16.12736275178697,5493.0349140221815,0.21019900497512436,0.11940298507462686
601,bb6faf97-7436-4a8a-a152-05370ca66faf,93507.0,40.50965222247798,2389.2182403455736,0.5099502487562189,0.9813432835820896
602,c0562556-4600-45f9-b0b8-96c6db4209aa,86541.0,24.122474169260418,3692.76935310589,0.36069651741293535,0.23134328358208955
603,d0b89b50-b75d-46c2-8a36-cc1dc339d69b,87588.0,13.039457559128202,7255.401505085711,0.13059701492537312,0.4664179104477612
604,3ecc8c84-7545-4863-9388-f752ce3611af,87846.0,159.38342530570958,555.60200083633,0.9465174129353234,0.5186567164179104
605,305d9d0b-b282-4e53-bbed-f92148d5dd7b,85664.0,524.5031401856756,163.54601798882172,0.996268656716418,0.11442786069651742
606,3458ff93-0fe7-4317-b1b3-9a72c73db8aa,87667.0,106.16609505862591,837.8682473993152,0.9092039800995025,0.48009950248756217
607,2add822f-a7b2-438c-bdce-55d53081b0f2,88077.0,86.20548284643922,1035.3672456347715,0.8631840796019901,0.5796019900497512
608,5073e00d-a5d7-4192-8689-d230d5cc1f52,86258.0,28.894366762103438,3138.8932687144606,0.40671641791044777,0.18345771144278608
609,633832e2-c1d1-43b4-8590-bea93dab88d5,88264.0,44.09497269825011,2058.2482411561105,0.5472636815920398,0.6181592039800995
610,0d5aeac9-4c74-4677-8758-ecce5f043937,88172.0,12.979921978538576,7205.795752957014,0.1281094527363184,0.5970149253731343
611,8bfb2066-bc54-4f61-a110-a5f81aff19c5,89342.0,160.44283435760988,560.3335316279641,0.9477611940298507,0.7997512437810945
612,5eeee2c5-9f00-4242-beb3-08c995e31468,87305.0,29.712706691576507,3004.196182009424,0.4154228855721393,0.39427860696517414
613,189797e5-9c85-4792-bd30-5544ebaa1d09,87989.0,13.136401039870355,7208.12540661373,0.13308457711442787,0.5603233830845771
614,2b04cb78-f9e0-493c-80d9-fe22df2d308a,88539.0,52.02970225462131,1743.8068270310218,0.6318407960199005,0.664179104477612
615,4f72fb4a-92a4-4877-8eff-59083dff7f66,90157.0,62.64472354178158,1460.4217101332654,0.7400497512437811,0.8793532338308457
616,a51ccb7e-0287-40d4-b898-9661ef1f90a4,87259.0,62.86134931187933,1414.4176186685459,0.7425373134328358,0.3880597014925373
617,5f9e9ea9-dc57-48e2-9ea2-3111a5e5cd3d,90102.0,10.346363761529929,9588.87608116822,0.07462686567164178,0.8694029850746269
618,f08baab5-9d31-4cef-b95e-ded440b659b3,87089.0,15.573794607332061,5879.633211349157,0.2027363184079602,0.3407960199004975
619,666062a4-be2d-44a4-8310-6753d8a420f9,89285.0,77.41324639897311,1169.3121553574422,0.8333333333333334,0.7910447761194029
620,2e33fb88-5f2c-48b3-83c9-a038169f57c8,86634.0,243.45174239048066,357.4993240086849,0.9788557213930348,0.2512437810945274
621,f61e55d0-e662-46ff-ba47-a9b17cc2d92f,89073.0,121.21754660984115,744.1892904362438,0.9266169154228856,0.7487562189054726
622,97b24232-f9cb-4c64-947d-aca1b97fc46d,69640.0,5.300085353573445,16660.344901892036,0.012437810945273632,0.0024875621890547263
623,aa1cf515-ec5b-4354-ab50-9791a8433784,86925.0,79.68315087279204,1107.8642114948523,0.8470149253731343,0.31467661691542287
624,050aef6a-580e-4460-94be-eea1d760c927,90713.0,53.76668165098625,1728.6579187334896,0.6554726368159204,0.9154228855721394
625,f1dbf2ec-a377-4fd4-ad4c-5acee820f01a,88439.0,40.46338284858627,2224.9534398552723,0.5087064676616916,0.6492537313432836
626,c5aa9dc4-759e-4694-82aa-c1d1d64072e8,85379.0,54.13507867309817,1610.1574457176541,0.664179104477612,0.09950248756218906
627,b3528a07-192f-4c3e-93d7-0ab448b8be3d,88922.0,18.695223891592907,4973.844329040045,0.27860696517412936,0.7189054726368159
628,1cd64a49-999c-4504-ad44-40089e3ff592,87462.0,52.82959920366907,1688.889082602328,0.6380597014925373,0.4216417910447761
629,d81b23ae-882e-4913-9787-dea6bdf5519f,86624.0,81.96965812601393,1066.0530005586027,0.8557213930348259,0.24751243781094528
630,21aa3f2a-f173-4261-a65b-4da09bb8fb22,89698.0,138.57973717464677,650.5400320759156,0.9402985074626866,0.8432835820895522
631,45d88ec0-5c3a-4a5a-80e5-05a14c9ba4b0,89919.0,14.576556667343983,6549.000369467521,0.1791044776119403,0.8619402985074627
632,4a233142-b177-46bf-a34e-360755b3d5dd,88818.0,53.81086025944559,1695.5053229052394,0.6567164179104478,0.6983830845771144
633,ff353d8e-fb93-431d-bb9d-62f745304f22,87847.0,45.24578797045071,1993.1711667591421,0.5534825870646766,0.5199004975124378
634,b319e01e-a6aa-464e-b943-375da39b44c8,88609.0,76.60929438147151,1167.7869383296481,0.8296019900497512,0.6716417910447762
635,0ec088eb-f0ab-4f53-86e6-7139d962027c,89094.0,15.334455588743555,6059.806479308284,0.1927860696517413,0.7512437810945274
636,6155a98f-7809-4561-8d80-afd316e6a1f9,87989.0,76.9680559272032,1166.4059708733014,0.8308457711442786,0.5603233830845771
637,e783d1b4-be53-4888-b1c7-cbed303bfa0d,91605.0,247.98603300387316,371.1149866730436,0.9813432835820896,0.9458955223880597
638,912342b1-d1c2-440d-aeaa-5642a147beb2,89531.0,53.05163226959009,1725.1495587339666,0.6417910447761194,0.8246268656716418
639,4c6f1896-fbe5-41ad-8551-17c1ec5bd238,89032.0,53.7071345014005,1702.0829885760566,0.6517412935323383,0.736318407960199
640,0422dd38-72e2-4e46-8bc6-c5eb18d09125,85711.0,37.89434548591398,2348.3810709817635,0.47388059701492535,0.12064676616915423
641,67a886d7-72fa-46da-aeb6-7549fe4bf06c,87407.0,43.811636457916094,2027.6348290557646,0.5435323383084577,0.4135572139303483
642,3d0fa676-cb56-49d8-a46d-6b970cc7c126,90938.0,34.72510720548584,2703.720954536544,0.4490049751243781,0.9241293532338308
643,e7536cdd-e938-4ae8-a28f-4ff7892816c6,92620.0,39.72674496992607,2382.8581997256993,0.4975124378109453,0.9664179104477612
644,8a92444b-6108-4804-bff6-632c3c24b1c6,89159.0,63.45367919806004,1421.134300479726,0.7475124378109452,0.7611940298507462
645,275d13af-46c3-4618-86e5-e967b7eed4ed,92661.0,303.58973576039375,306.3696024956349,0.9838308457711443,0.9701492537313433
646,837620e3-4511-4d34-be97-ce276f74a682,87061.0,96.24402553111399,918.7923327114515,0.8893034825870647,0.3345771144278607
647,c9feb34d-126c-4492-a559-364b42768938,87608.0,20.830052836021565,4402.309204648548,0.31840796019900497,0.46766169154228854
648,fbc99fe0-49a6-4491-8e74-694532bcfcef,92370.0,469.82434925629457,197.0211494569386,0.9937810945273632,0.9626865671641791
649,6c0a62b5-e36f-42c4-b3b3-e3a1416590bb,88262.0,246.76128244032057,358.9001718212647,0.9800995024875622,0.6169154228855721
650,d1513711-d46a-4706-8794-3d1773968ad4,88845.0,68.67277161216684,1317.0867852954868,0.7922885572139303,0.7052238805970149
651,98854083-b2c1-4a9e-b32d-82bf947af216,86917.0,90.18568678579997,985.0938303255455,0.8718905472636815,0.31218905472636815
652,6aa92e5f-7fa5-45ca-b568-9ca380464e77,87317.0,41.81943388375531,2145.5711638273892,0.5186567164179104,0.39800995024875624
653,931531f2-d160-456a-95fb-c22999c1e465,87516.0,57.46421424409978,1570.7323451180343,0.695273631840796,0.43967661691542287
654,a1fea06e-4dd4-4ea5-8b52-6c4e3179bdf8,87865.0,19.50045631347311,4768.277559282066,0.2922885572139303,0.5217661691542289
655,3673c6a1-cded-4ff2-9913-fdff03b55f51,88371.0,42.88448217420844,2129.507661124486,0.5335820895522388,0.6355721393034826
656,f025d98d-4584-4a57-8fad-2bb17e6119d0,88640.0,20.987481107935462,4470.072942345584,0.3246268656716418,0.6766169154228856
657,2d0ca8c5-7ab1-4043-a4bf-00c13cd6860a,89195.0,68.2688742341185,1323.038271051396,0.7873134328358209,0.7723880597014925
658,6ffeb1bc-e61b-46e8-832c-c2ac0541aca0,87684.0,44.90459395771258,2008.1390058127615,0.5497512437810945,0.48569651741293535
659,d594b82e-1e53-4414-b503-40cd5f9373df,89663.0,316.64029424777317,283.79100291117993,0.9875621890547264,0.8351990049751243
660,64ec660c-f656-4379-8d33-423097fb17e1,88218.0,48.36476344693228,1877.9994675185615,0.5920398009950248,0.6063432835820896
661,9cf33e94-9c05-413d-9555-46dc877e7cb8,89475.0,13.297056116608545,7350.393887404946,0.14054726368159204,0.8208955223880597
662,3d62d299-1747-4b0c-84de-d9313ad804a0,88776.0,92.83135785468028,968.2719511731049,0.8768656716417911,0.6915422885572139
663,b9cfb979-754b-4d32-847b-4bd95db15b73,85042.0,58.34425410152875,1486.881636176868,0.6990049751243781,0.08706467661691543
664,5df659cf-564f-4fd5-a5b5-3347a7fc7ac1,86447.0,240.98352123490469,360.92576307547364,0.9776119402985075,0.21393034825870647
665,177b6d4c-6df2-4295-8e75-09cec47e0796,86312.0,59.6930768864703,1477.3043492628312,0.7151741293532339,0.19029850746268656
666,d5ab05c7-9936-451f-b55b-f6739b87ba48,88171.0,41.95376510923335,2171.1376741238682,0.5199004975124378,0.595771144278607
667,95a3550f-b2e6-4406-94d3-9be58297e777,87558.0,9.211027503580294,10274.387589211014,0.05099502487562189,0.4527363184079602
668,2c42e01d-9805-494f-9d8d-f08301b523d3,86368.0,56.31292829317226,1558.0702808281787,0.6840796019900498,0.19900497512437812
669,76835f1a-c33e-42a5-8d99-a80d1c9a33a4,86924.0,14.146397408607905,6681.378449406208,0.16791044776119404,0.31343283582089554
670,b6b4bd44-c165-447c-95b9-8b3f8223817d,85936.0,20.608472609484267,4360.751535272441,0.31592039800995025,0.1417910447761194
671,c7ee8d3b-2a4c-4b06-90f2-ada077495460,84976.0,31.717950370718356,2761.3346378414294,0.43159203980099503,0.08333333333333333
672,4388fd79-2653-4950-ba2f-fd95d28da9b1,88379.0,68.9894629255803,1299.2035789515203,0.7935323383084577,0.6380597014925373
673,1b3e4c7a-ba03-4e23-85ab-406ebc4675cf,87543.0,48.60059458906303,1846.209041299447,0.5945273631840796,0.44776119402985076
674,9d0bf749-a5b1-4b5d-8f1d-755edd9c5b72,86577.0,113.03316369898455,773.2420923186563,0.9191542288557214,0.23880597014925373
675,394e9836-9286-4f15-9512-cb1017a5d4f5,86712.0,56.30246798361604,1559.803737654196,0.6828358208955224,0.27238805970149255
676,bb25677c-8b3d-45f3-911a-a3bc7c55bd16,89934.0,18.055782603169657,5206.752986907163,0.2599502487562189,0.8656716417910447
677,e0f96960-c49c-43c4-b980-134a86c46191,86123.0,7.231049725812801,13123.188495396776,0.03855721393034826,0.16169154228855723
678,1f766990-9b45-40e4-9768-44dd8d06c88e,87075.0,107.10117006861854,819.7156010877594,0.9116915422885572,0.3383084577114428
679,9dc6c60d-05ef-48af-b076-4ff1b8d6b3e9,89758.0,46.73168768312139,1971.1834055160414,0.568407960199005,0.8470149253731343
680,13c9e8dd-0394-4ae1-9f57-7446b5b8b55d,88357.0,48.08689573086178,1893.4098077278463,0.585820895522388,0.6305970149253731
681,f0955f2d-66b9-4fb6-a1a4-9ab1d27952da,88082.0,72.2519572526756,1238.5934361201823,0.8072139303482587,0.5808457711442786
682,535e4ef7-2f7c-44f7-bf9a-9ef892eaa27a,87376.0,41.58006232701163,2181.566394808865,0.5161691542288557,0.4060945273631841
683,580d71ef-725e-4350-83d6-c011dd1325be,87158.0,188.31088595955896,466.2290209757432,0.9651741293532339,0.36318407960199006
684,3e69b7c3-88c6-438f-873c-afc82967ceb2,93092.0,88.5871305587791,1068.6202318878302,0.8681592039800995,0.9751243781094527
685,d69d21bf-bdc0-4f45-8eb0-ab88923fee75,89252.0,59.15386835558667,1533.8931638465692,0.7077114427860697,0.7854477611940298
686,d4d2fdeb-4d52-41a0-9113-db4817fc346f,86631.0,27.412271453578242,3285.2622283603037,0.38930348258706465,0.25
687,de9d7ed7-e9c7-4c88-b51e-ea5f50e3d6ea,87743.0,65.02321553497949,1382.6266910003822,0.763681592039801,0.4925373134328358
688,2fb19a96-3c2d-4de3-86d4-d359baf46156,87954.0,40.179187736065394,2228.0274534514456,0.5049751243781094,0.5534825870646766
689,dec53204-587e-4ca0-9bfd-1e30092d82b7,86393.0,64.56918581254389,1357.5464141850423,0.7549751243781094,0.2027363184079602
690,e3ce5dfc-335f-4715-a73e-82dd6da58f7d,91873.0,78.35866898777755,1194.1397321921754,0.8445273631840796,0.9564676616915423
691,b890f132-00cd-4237-9308-3d709836f51d,87204.0,42.98174875526857,2082.395495577149,0.5348258706467661,0.3743781094527363
692,adf09432-c3a5-43a7-88ef-3e4feba525f6,86376.0,93.13056432564716,939.1159672798668,0.8781094527363185,0.20024875621890548
693,7ce67208-c80b-44a6-ab9f-1d18fe5c70ed,84727.0,62.353920763885014,1373.0995871350615,0.736318407960199,0.07587064676616916
694,17bf1a66-af79-440f-b527-66e7bc0abb7f,86788.0,30.168509923865525,2939.024838275444,0.42039800995024873,0.2873134328358209
695,582766b8-ffb0-49e7-9c95-20eddd8d93bc,86625.0,147.4584875621747,592.0898017474489,0.9415422885572139,0.24875621890547264
696,9b8b0e72-5fd9-410e-8eac-6014bb476903,87828.0,52.28361730833361,1719.7356385987546,0.6330845771144279,0.513681592039801
697,a1431fc6-6e1b-40fc-89c6-b7ed67d42cca,90238.0,76.4564731497692,1200.1599893347552,0.8258706467661692,0.8880597014925373
698,17e4a1e8-6559-40fd-9832-0a736f30bd89,89160.0,121.97826141932087,737.1907826336409,0.927860696517413,0.7630597014925373
699,38a843da-adb4-4d20-8cb9-e49a4fff617a,89106.0,2.2642133644944202,47749.47524618165,0.0012437810945273632,0.753731343283582
700,24b64f51-aa58-4b1d-974f-ad6140f4556a,86194.0,35.45928543707173,2537.306936676974,0.4601990049751244,0.17412935323383086
701,6f662604-5480-4743-9e27-8185842dab51,88433.0,64.99761650127238,1384.5379494016527,0.7624378109452736,0.6467661691542289
702,350faed1-7d55-4604-a379-7dbf07b1f169,86608.0,47.436186802040986,1858.1510433761837,0.5746268656716418,0.24378109452736318
703,504458e5-f026-4560-b278-e552f7790cf9,87235.0,50.2841924048177,1757.8834574567222,0.6119402985074627,0.3774875621890547
704,2f7591aa-c7ad-4bfd-ba1e-1dfd5782f7e3,86237.0,63.064701744281294,1388.883124432482,0.746268656716418,0.18034825870646767
705,c99094cf-9d08-4080-a13d-ddbb0d121209,87371.0,69.17331115029815,1284.512748087772,0.7960199004975125,0.40298507462686567
706,523137c2-bb9b-47f1-bbe9-e602ade1697e,86000.0,307.88158466096195,279.9802076338016,0.9850746268656716,0.14365671641791045
707,45ffc42a-33bb-4a6a-a870-72c5396d47dd,86743.0,112.98598632247939,777.240932186839,0.917910447761194,0.2798507462686567
708,6c66a3f6-5dd5-469a-8ce7-16873d548538,90114.0,83.427975670637,1091.4108758849713,0.8582089552238806,0.8731343283582089
709,c2c8d2f5-7436-4428-b7d7-03aac7b492bd,86767.0,27.284007375068203,3261.04344241737,0.3880597014925373,0.2860696517412935
710,970b833f-8ed2-46c3-9acf-0a772f571b5b,84201.0,36.57425696596223,2366.3912046264313,0.4689054726368159,0.05472636815920398
711,445325a4-58b8-4d87-a502-3de5409ced13,86962.0,23.277535774169714,3896.51783647913,0.34950248756218905,0.31965174129353235
712,cc7a6078-48ab-4f95-be49-fb6f536b9f14,91526.0,126.2839824456317,730.7683171384301,0.931592039800995,0.9440298507462687
713,53bb10a3-4d45-4629-b11b-8e33ff076d58,87938.0,13.780412512393944,7075.7678634295835,0.15671641791044777,0.5466417910447762
714,17282cd2-d3fc-4f29-8bb2-ce1ee08d2812,87152.0,45.67300151402687,1953.096950998593,0.5597014925373134,0.35634328358208955
715,05053788-3414-4234-bad8-f24f692bccf5,85633.0,80.81056089588348,1071.4482410892901,0.8544776119402985,0.11318407960199005
716,ebfdd197-22c6-4fc6-b15e-1decfadab557,92674.0,60.185950323461846,1585.8726079264466,0.7201492537313433,0.9713930348258707
717,4ab7a495-6995-4eca-b6be-074392ba4f3e,87043.0,65.40343931593615,1363.0628745586168,0.7674129353233831,0.3314676616915423
718,2ef36f9e-08c8-4af7-8e50-3369a8e156f3,108451.0,296.67147015857654,367.0295628420142,0.9825870646766169,1.0
719,2203f84b-002f-48cc-af52-4c05dc1c326d,89390.0,73.1717661843881,1234.0654696300894,0.8109452736318408,0.806592039800995
720,885ea465-3eec-4f98-b5d2-69f29fc52aae,84557.0,19.154735030026274,4622.970646107461,0.2898009950248756,0.06716417910447761
721,59e40f3d-b266-410d-9d8a-4a26302e44d5,89745.0,24.2826176141771,3855.9516724149953,0.3644278606965174,0.8445273631840796
722,e7a35fcf-feda-4ed7-9c57-82c13923a35f,88418.0,102.98732151929511,866.8154359493144,0.904228855721393,0.6424129353233831
723,93967313-0b0d-4d2d-b64b-681007eb6c99,90935.0,59.437820878162796,1556.9581561493553,0.7126865671641791,0.9228855721393034
724,6245d87a-33ad-489d-9d85-eb3048663618,89252.0,11.406580926496966,8340.652992022468,0.09577114427860696,0.7854477611940298
725,6330f511-35a9-4e84-aa84-53f51a2a9421,89236.0,108.8706861738602,830.659777927562,0.9154228855721394,0.7835820895522388
726,95aedfb9-48fe-4602-a0c2-563ca1d0d903,88536.0,161.81629887362377,550.9848757754911,0.9490049751243781,0.6629353233830846
727,b72d4f05-07b4-448f-a530-5e06c964f02d,86557.0,59.33994499528356,1483.5565936851438,0.7114427860696517,0.236318407960199
728,902a8441-4d65-4eac-a39b-3ed5d28db1ae,91496.0,30.23335009812303,3121.2303530285403,0.4216417910447761,0.9415422885572139
729,a14e2bae-d080-4e70-a03d-da2a8b55f308,88068.0,38.870818784773455,2334.085594753621,0.48258706467661694,0.5783582089552238
730,b4910737-65c2-4e5e-b84c-604a9f34827f,87618.0,70.47669592984083,1261.4504123655208,0.8009950248756219,0.4695273631840796
731,08bb89a3-ee74-49fb-bfbf-992c56baf3b6,87877.0,58.618747605363765,1526.8223959543816,0.7027363184079602,0.5261194029850746
732,e5635acb-c40d-48fd-a02a-1a48e4036168,88779.0,15.54744237893799,6056.344469507439,0.20149253731343283,0.6927860696517413
733,78a4a5f8-500e-4704-9420-9f4c392af535,87833.0,42.68252463169931,2111.5533663745323,0.5261194029850746,0.5149253731343284
734,345c9e87-cb7e-400c-8e9c-1f253701fac4,89405.0,5.644381336535503,18084.651014972154,0.017412935323383085,0.8134328358208955
735,457c2051-ae3c-44fb-86f0-c647ef15693c,88361.0,168.59028727670457,526.6633966143207,0.9552238805970149,0.6330845771144279
736,35bccf7b-9838-44f7-9f4e-1e8ca7f1e286,85865.0,130.62006957973875,663.1446475162201,0.9365671641791045,0.13557213930348258
737,ee2889e5-74f5-4d69-bc03-ae1a55dc35c8,85880.0,48.19392498353751,1823.6038054593203,0.5907960199004975,0.13805970149253732
738,230b13b9-dc80-48a8-aa9a-3e50f9f00554,86080.0,56.18952608533629,1573.5672848658237,0.6803482587064676,0.15422885572139303
739,54587d1e-c44f-43df-9531-7ce7f31315dd,85836.0,31.122919730042405,2926.5203243427522,0.42786069651741293,0.13432835820895522
740,a99f3ec8-ae90-4e75-a43c-8b14da2521e3,88819.0,24.811084268954623,3698.570544511389,0.36691542288557216,0.7002487562189055
741,35d66bf6-1230-4da3-b0b6-f5b4662b5933,87528.0,52.380768259314614,1701.2796164456133,0.6343283582089553,0.4427860696517413
742,d32225fd-1253-4619-ab71-f89172129a1f,88979.0,38.22974741022099,2377.585680194652,0.4763681592039801,0.7300995024875622
743,dfe1892f-88eb-4f4a-a04a-cef2d0d4d364,89067.0,57.150261427376336,1588.697894503546,0.6890547263681592,0.7475124378109452
744,8d395865-2420-490d-b6ef-d861a3260f64,87751.0,89.21994506322447,999.7450675047114,0.8706467661691543,0.4937810945273632
745,41591bb1-c451-4e18-91e7-133fa249ff27,89004.0,17.570555753405912,5250.360392392126,0.24875621890547264,0.7313432835820896
746,747938db-35a3-4084-97bd-53a1a70ebbaf,87652.0,167.28236868000096,526.745590078044,0.9514925373134329,0.47761194029850745
747,8f653791-9f56-40ad-8780-8c1b9471c7ba,89660.0,32.06327885962256,2849.687760673673,0.43407960199004975,0.8333333333333334
748,39ea5c27-6136-4a2a-947d-e887e363d1c7,86762.0,76.4826771351681,1147.7980368223903,0.8271144278606966,0.2848258706467662
749,2bc1c9b6-023b-442e-878b-5b17d2ee6c04,86505.0,34.89882571647058,2563.410033529556,0.4539800995024876,0.22388059701492538
750,a22ae31a-a819-402b-acd5-373bb01c8a10,89418.0,78.04265345082278,1167.7567240939643,0.8407960199004975,0.8146766169154229
751,81691806-bf07-439a-9835-5a29a777fecb,86645.0,68.32766049633345,1300.2826685693456,0.7885572139303483,0.2537313432835821
752,1baa68a1-fd51-4187-9584-1782d6eab40b,86340.0,42.12607623760446,2109.377562220666,0.5223880597014925,0.19527363184079602
753,da6fc920-e757-4712-98f5-1d244188f49b,86816.0,45.136574878929025,1962.1947442304788,0.5522388059701493,0.291044776119403
754,d7a6bb03-b9c5-43b7-935d-41e0ce0eef75,90687.0,57.17200448122673,1618.5719013995022,0.6902985074626866,0.9116915422885572
755,a726aac5-b373-4ed4-a8f2-1b786b2ca89c,87469.0,309.38782849013114,283.56480740740733,0.986318407960199,0.4253731343283582
756,bc6f8862-5aa6-45ad-8134-f9fe014f07ff,89819.0,15.437917270862984,6192.555963951127,0.19651741293532338,0.8507462686567164
757,8e1d58d3-8b64-4269-abbd-b46b461ad044,86224.0,30.78876122731614,2909.5681810193073,0.42412935323383083,0.1791044776119403
758,160ab8d2-becf-4cdf-84c9-e62578837943,87282.0,36.45577713911271,2475.657003706289,0.4664179104477612,0.38930348258706465
759,7d0143fd-7e35-4229-b9a6-ab9a15ef4940,90877.0,19.797546012668402,4806.902579698728,0.2997512437810945,0.9191542288557214
760,53125e7b-0378-4e15-8e23-50c696328c3a,87871.0,65.72320446988249,1369.3306759143316,0.7711442786069652,0.5236318407960199
761,ee920b38-f1e8-41fe-ab54-2ba4605da9be,86265.0,5.149159860992443,18881.462081452624,0.009950248756218905,0.1853233830845771
762,ab05786f-a042-4673-a89c-1230dd81d35d,89103.0,16.418348350221766,5664.714136653322,0.22014925373134328,0.7524875621890548
763,19d249dd-8c38-4944-bb25-c16be0940b87,85457.0,51.49457116449959,1714.0318161185535,0.6256218905472637,0.10323383084577115
764,9f6b9c06-ec42-4818-9e0d-046d01074cce,85527.0,47.95499301627384,1835.9575884716583,0.5808457711442786,0.10696517412935323
765,bd556f58-df71-4fcd-af70-d2e6218abe02,89433.0,38.79268329383243,2383.806484835306,0.48009950248756217,0.8171641791044776
766,9db2419a-25fc-4a78-b7a2-8e5cfe28c24e,90107.0,51.44907938920827,1780.6499375228138,0.6243781094527363,0.8706467661691543
767,505e5258-11cb-465b-b6fa-d270c3088f7e,87865.0,27.556487422298012,3287.1243207399384,0.3917910447761194,0.5217661691542289
768,8f7fa265-3d5b-4096-8b32-78980e0e6864,92677.0,59.989294737026015,1583.9617787897114,0.7189054726368159,0.972636815920398
769,e08b96fb-6cbc-4e73-b4ea-998100462095,86500.0,59.84045136556894,1469.6112411110635,0.7176616915422885,0.21952736318407962
770,ef9a7324-49b8-43ae-bbaf-1b9cf8fc043d,86172.0,54.719651538410446,1606.3394203384705,0.6691542288557214,0.1691542288557214
771,3fa43589-fd0d-4d29-9c39-44896c95b77d,92097.0,11.744849082103288,8309.231219954507,0.10323383084577115,0.9601990049751243
772,32c33833-d670-40a9-9054-b2182ea80ba6,93404.0,493.83045894531193,189.5846336951741,0.9950248756218906,0.9800995024875622
773,3403e2fe-5348-43cb-a203-c6ac756147ac,84442.0,28.914112751341456,3110.4533890920607,0.4079601990049751,0.05970149253731343
774,0027b6f3-07da-4321-ba70-4d5e054b8cbe,90576.0,53.29403459052275,1725.7513098164907,0.6455223880597015,0.904228855721393
775,a831b1b5-59a8-46ea-b250-20ddef299606,88254.0,62.020424026013025,1449.2430207985594,0.7338308457711443,0.6156716417910447
776,b4557f16-d1df-4abf-b047-10786efdda33,89676.0,13.393228774131554,7143.808881355473,0.1455223880597015,0.8383084577114428
777,48527b85-7c01-4002-b970-cd80f0ad9bd7,86724.0,12.404331651433399,7286.997467766686,0.11442786069651742,0.27611940298507465
778,e3324e1c-8cdf-4b8f-a2b0-832f818a74fd,87289.0,67.6381348784192,1306.15172676582,0.7823383084577115,0.3917910447761194
779,952a2fc5-6853-473c-b1f0-3b20d6b0d05e,90693.0,130.6895530920158,700.9072097408234,0.9378109452736318,0.914179104477612
780,724981b3-ef12-4533-b391-e7c79c6a24ee,88673.0,18.207567794675295,5082.794933236371,0.26865671641791045,0.681592039800995
781,b4962371-8798-416e-8e2b-e69813645160,87315.0,51.07250330768342,1736.7597223949354,0.6156716417910447,0.39676616915422885
782,1a26bb82-fb9c-4554-8c58-3a54a853bc1b,88242.0,87.33318285190919,1021.5933633300483,0.8644278606965174,0.6106965174129353
783,bf3f4177-609d-4333-8a3c-c6fff0c0a805,83834.0,101.59350619329156,832.1660491352271,0.900497512437811,0.04477611940298507
784,df8bc2f4-b47d-4d2e-9f33-c7d060fb59e2,89017.0,14.420986723742168,6523.003221566844,0.17412935323383086,0.7338308457711443
785,877aba5d-c036-4fef-9a64-1e619ca685ce,89311.0,90.41865084103057,1001.9199485654198,0.8743781094527363,0.7947761194029851
786,5b450990-c812-46d0-959a-fe2e00420749,88092.0,12.819948063357714,7322.572567069581,0.12313432835820895,0.5833333333333334
787,408f63ab-7931-42b8-ab4b-92931c1db540,86196.0,63.62526221345155,1375.7166617197502,0.7487562189054726,0.17537313432835822
788,6f1dfa42-f3c1-4a11-be46-92dbcfda6f9a,87630.0,103.5088749169013,859.4611545558508,0.9054726368159204,0.47388059701492535
789,31e195d3-3fe7-493b-93b7-124302ea6a97,88418.0,64.87658900722072,1385.5794215177034,0.7611940298507462,0.6424129353233831
790,b6a39c17-b9c2-4354-ac7e-db45805d273f,89833.0,29.605724566684348,3108.5317005514567,0.4129353233830846,0.8532338308457711
791,2501e564-cfda-4f09-be74-353c7b5d3603,86385.0,27.453078049835074,3212.621544290909,0.39054726368159204,0.20149253731343283
792,9725e794-577d-4fda-a2f3-6e59fdee5e7b,87824.0,4.5471734990859245,22266.469493709275,0.004975124378109453,0.5099502487562189
793,4efeab75-7c8d-4b30-b56f-d757692c9908,87562.0,87.49374200758793,1016.0640973875614,0.8656716417910447,0.4577114427860697
794,743f8b4b-44b0-4859-a7e2-7f9037bd2098,93326.0,77.9481177180191,1215.4568218222669,0.8395522388059702,0.9776119402985075
795,9d82a7c3-17c6-453e-aac9-29ad4dadbf90,89323.0,96.0264946096501,942.6955588453075,0.8868159203980099,0.7966417910447762
796,fcf9485a-7f2e-41c1-9bd0-ce720c01ca3f,89167.0,94.03715946480303,957.95907184667,0.8805970149253731,0.7674129353233831
797,6b3c5e3a-fade-4a4a-a8d3-c2bd3c8d6ea4,88880.0,85.21238338484623,1061.2307320590876,0.8606965174129353,0.7089552238805971
798,e60ba122-4add-44e9-b9d4-f2bada41d9a6,90967.0,59.30147875175203,1556.5828813997239,0.7101990049751243,0.9266169154228856
799,5e0879e2-6ea1-4f98-9367-3c26a476fa2e,92047.0,171.51355535387998,538.777628835249,0.9564676616915423,0.9589552238805971
800,3fb453a1-1be7-4474-af93-86908c53211f,91187.0,66.30334866261381,1406.097910294064,0.7736318407960199,0.9328358208955224
801,40ccaa86-90d6-453d-b1b1-4087c836e8b2,90373.0,240.48141429812873,377.6518458404072,0.9763681592039801,0.8930348258706468
802,c1e8566b-0c21-49cb-b8f1-9ba2213ed8cf,93725.0,75.32251985997758,1258.0062400481168,0.818407960199005,0.9838308457711443
803,bf36e845-e41a-495d-8507-ac0afb301e0a,95786.0,58.76691246481449,1670.052005178282,0.7039800995024875,0.986318407960199
